date_id,missing_per_row
0,85
1,85
2,85
3,85
4,85
5,85
6,85
7,85
8,85
9,85
10,85
11,85
12,85
13,85
14,85
15,85
16,85
17,85
18,85
19,85
20,85
21,85
22,85
23,85
24,85
25,85
26,85
27,85
28,85
29,85
30,85
31,85
32,85
33,85
34,85
35,85
36,85
37,85
38,85
39,85
40,85
41,85
42,85
43,85
44,85
45,85
46,85
47,85
48,85
49,85
50,85
51,85
52,85
53,85
54,85
55,85
56,85
57,85
58,85
59,85
60,85
61,85
62,85
63,85
64,85
65,85
66,85
67,85
68,85
69,85
70,85
71,85
72,85
73,85
74,85
75,85
76,85
77,85
78,85
79,85
80,85
81,85
82,85
83,85
84,85
85,85
86,85
87,85
88,85
89,85
90,85
91,85
92,85
93,85
94,85
95,85
96,85
97,85
98,85
99,85
100,85
101,85
102,85
103,85
104,85
105,85
106,85
107,85
108,85
109,85
110,85
111,85
112,85
113,85
114,85
115,85
116,85
117,85
118,85
119,85
120,85
121,85
122,85
123,85
124,85
125,85
126,85
127,85
128,85
129,85
130,85
131,85
132,85
133,85
134,85
135,85
136,85
137,85
138,85
139,85
140,85
141,85
142,85
143,85
144,85
145,85
146,85
147,85
148,85
149,85
150,85
151,85
152,85
153,85
154,85
155,85
156,85
157,85
158,85
159,85
160,85
161,85
162,85
163,85
164,85
165,85
166,85
167,85
168,85
169,85
170,85
171,85
172,85
173,85
174,85
175,85
176,85
177,85
178,85
179,85
180,85
181,85
182,85
183,85
184,85
185,85
186,85
187,85
188,85
189,85
190,85
191,85
192,85
193,85
194,85
195,85
196,85
197,85
198,85
199,85
200,85
201,85
202,85
203,85
204,85
205,85
206,85
207,85
208,85
209,85
210,85
211,85
212,85
213,85
214,85
215,85
216,85
217,85
218,85
219,85
220,85
221,85
222,85
223,85
224,85
225,85
226,85
227,85
228,85
229,85
230,85
231,85
232,85
233,85
234,85
235,85
236,85
237,85
238,85
239,85
240,85
241,85
242,85
243,85
244,85
245,85
246,85
247,85
248,85
249,85
250,85
251,85
252,85
253,85
254,85
255,85
256,85
257,85
258,85
259,85
260,85
261,85
262,85
263,85
264,85
265,85
266,85
267,85
268,85
269,85
270,85
271,85
272,85
273,85
274,85
275,85
276,85
277,85
278,85
279,85
280,85
281,85
282,85
283,85
284,85
285,85
286,85
287,85
288,85
289,85
290,85
291,85
292,85
293,85
294,85
295,85
296,85
297,85
298,85
299,85
300,85
301,85
302,85
303,85
304,85
305,85
306,85
307,85
308,85
309,85
310,85
311,85
312,85
313,85
314,85
315,85
316,85
317,85
318,85
319,85
320,85
321,85
322,85
323,85
324,85
325,85
326,85
327,85
328,85
329,85
330,85
331,85
332,85
333,85
334,85
335,85
336,85
337,85
338,85
339,85
340,85
341,85
342,85
343,85
344,85
345,85
346,85
347,85
348,85
349,85
350,85
351,85
352,85
353,85
354,85
355,85
356,85
357,85
358,85
359,85
360,85
361,85
362,85
363,85
364,85
365,85
366,85
367,85
368,85
369,85
370,85
371,85
372,85
373,85
374,85
375,85
376,85
377,85
378,85
379,85
380,85
381,85
382,85
383,85
384,85
385,85
386,85
387,85
388,85
389,85
390,85
391,85
392,85
393,85
394,85
395,85
396,85
397,85
398,85
399,85
400,85
401,85
402,85
403,85
404,85
405,85
406,85
407,85
408,85
409,85
410,85
411,85
412,85
413,85
414,85
415,85
416,85
417,85
418,85
419,85
420,85
421,85
422,85
423,85
424,85
425,85
426,85
427,85
428,85
429,85
430,85
431,85
432,85
433,85
434,85
435,85
436,85
437,85
438,85
439,85
440,85
441,85
442,85
443,85
444,85
445,85
446,85
447,85
448,85
449,85
450,85
451,85
452,85
453,85
454,85
455,85
456,85
457,85
458,85
459,85
460,85
461,85
462,85
463,85
464,85
465,85
466,85
467,85
468,85
469,85
470,85
471,85
472,85
473,85
474,85
475,85
476,85
477,85
478,85
479,85
480,85
481,85
482,85
483,85
484,85
485,85
486,85
487,85
488,85
489,85
490,85
491,85
492,85
493,85
494,85
495,85
496,85
497,85
498,85
499,85
500,85
501,85
502,85
503,85
504,85
505,85
506,85
507,85
508,85
509,85
510,85
511,85
512,85
513,85
514,85
515,85
516,85
517,85
518,85
519,85
520,85
521,85
522,85
523,85
524,85
525,85
526,85
527,85
528,85
529,85
530,85
531,85
532,85
533,85
534,85
535,85
536,85
537,85
538,85
539,85
540,85
541,85
542,85
543,85
544,85
545,85
546,85
547,85
548,85
549,85
550,85
551,85
552,85
553,85
554,85
555,85
556,85
557,85
558,85
559,85
560,85
561,85
562,85
563,85
564,85
565,85
566,85
567,85
568,85
569,85
570,85
571,85
572,85
573,85
574,85
575,85
576,85
577,85
578,85
579,85
580,85
581,85
582,85
583,85
584,85
585,85
586,85
587,85
588,85
589,85
590,85
591,85
592,85
593,85
594,85
595,85
596,85
597,85
598,85
599,85
600,85
601,85
602,85
603,85
604,85
605,85
606,85
607,85
608,85
609,85
610,85
611,85
612,85
613,85
614,85
615,85
616,85
617,85
618,85
619,85
620,85
621,85
622,85
623,85
624,85
625,85
626,85
627,85
628,85
629,85
630,85
631,85
632,85
633,85
634,85
635,85
636,85
637,85
638,85
639,85
640,85
641,85
642,85
643,85
644,85
645,85
646,85
647,85
648,85
649,85
650,85
651,85
652,85
653,85
654,85
655,85
656,85
657,85
658,85
659,85
660,85
661,85
662,85
663,85
664,85
665,85
666,85
667,85
668,85
669,85
670,85
671,85
672,85
673,85
674,85
675,85
676,85
677,85
678,85
679,85
680,85
681,85
682,85
683,85
684,85
685,85
686,85
687,85
688,85
689,85
690,85
691,85
692,85
693,85
694,85
695,85
696,85
697,85
698,85
699,85
700,85
701,85
702,85
703,85
704,85
705,85
706,85
707,85
708,85
709,85
710,85
711,85
712,85
713,85
714,85
715,85
716,85
717,85
718,85
719,85
720,85
721,85
722,85
723,85
724,85
725,85
726,85
727,85
728,85
729,85
730,85
731,85
732,85
733,85
734,85
735,85
736,85
737,85
738,85
739,85
740,85
741,85
742,85
743,85
744,85
745,85
746,85
747,85
748,85
749,85
750,85
751,85
752,85
753,85
754,85
755,85
756,85
757,85
758,85
759,85
760,85
761,85
762,85
763,85
764,85
765,85
766,85
767,85
768,85
769,85
770,85
771,85
772,85
773,85
774,85
775,85
776,85
777,85
778,85
779,85
780,85
781,85
782,85
783,85
784,85
785,85
786,85
787,85
788,85
789,85
790,85
791,85
792,85
793,85
794,85
795,85
796,85
797,85
798,85
799,85
800,85
801,85
802,85
803,85
804,85
805,85
806,85
807,85
808,85
809,85
810,85
811,85
812,85
813,85
814,85
815,85
816,85
817,85
818,85
819,85
820,85
821,85
822,85
823,85
824,85
825,85
826,85
827,85
828,85
829,85
830,85
831,85
832,85
833,85
834,85
835,85
836,85
837,85
838,85
839,85
840,85
841,85
842,85
843,85
844,85
845,85
846,85
847,85
848,85
849,85
850,85
851,85
852,85
853,85
854,85
855,85
856,85
857,85
858,85
859,85
860,85
861,85
862,85
863,85
864,85
865,85
866,85
867,85
868,85
869,85
870,85
871,85
872,85
873,85
874,85
875,85
876,85
877,85
878,85
879,85
880,85
881,85
882,85
883,85
884,85
885,85
886,85
887,85
888,85
889,85
890,85
891,85
892,85
893,85
894,85
895,85
896,85
897,85
898,85
899,85
900,85
901,85
902,85
903,85
904,85
905,85
906,85
907,85
908,85
909,85
910,85
911,85
912,85
913,85
914,85
915,85
916,85
917,85
918,85
919,85
920,85
921,85
922,85
923,85
924,85
925,85
926,85
927,85
928,85
929,85
930,85
931,85
932,85
933,85
934,85
935,85
936,85
937,85
938,85
939,85
940,85
941,85
942,85
943,85
944,85
945,85
946,85
947,85
948,85
949,85
950,85
951,85
952,85
953,85
954,85
955,85
956,85
957,85
958,85
959,85
960,85
961,85
962,85
963,85
964,85
965,85
966,85
967,85
968,85
969,85
970,85
971,85
972,85
973,85
974,85
975,85
976,85
977,85
978,85
979,85
980,85
981,85
982,85
983,85
984,85
985,85
986,85
987,85
988,85
989,85
990,85
991,85
992,85
993,85
994,85
995,85
996,85
997,85
998,85
999,85
1000,85
1001,85
1002,85
1003,85
1004,85
1005,85
1006,22
1007,22
1008,22
1009,22
1010,22
1011,22
1012,22
1013,22
1014,22
1015,22
1016,22
1017,22
1018,22
1019,22
1020,22
1021,22
1022,22
1023,22
1024,22
1025,22
1026,22
1027,22
1028,22
1029,22
1030,22
1031,22
1032,22
1033,22
1034,22
1035,22
1036,22
1037,22
1038,22
1039,22
1040,22
1041,22
1042,22
1043,22
1044,22
1045,22
1046,22
1047,22
1048,22
1049,22
1050,22
1051,22
1052,22
1053,22
1054,22
1055,22
1056,22
1057,22
1058,22
1059,22
1060,22
1061,22
1062,22
1063,22
1064,22
1065,22
1066,22
1067,22
1068,22
1069,22
1070,22
1071,22
1072,22
1073,22
1074,22
1075,22
1076,22
1077,22
1078,22
1079,22
1080,22
1081,22
1082,22
1083,22
1084,22
1085,22
1086,22
1087,22
1088,22
1089,22
1090,22
1091,22
1092,22
1093,22
1094,22
1095,22
1096,22
1097,22
1098,22
1099,22
1100,22
1101,22
1102,22
1103,22
1104,22
1105,22
1106,22
1107,22
1108,22
1109,22
1110,22
1111,22
1112,22
1113,22
1114,22
1115,22
1116,22
1117,22
1118,22
1119,22
1120,22
1121,22
1122,22
1123,22
1124,22
1125,22
1126,22
1127,22
1128,22
1129,22
1130,22
1131,22
1132,22
1133,22
1134,22
1135,22
1136,22
1137,22
1138,22
1139,22
1140,22
1141,22
1142,22
1143,22
1144,22
1145,22
1146,22
1147,22
1148,22
1149,22
1150,22
1151,22
1152,22
1153,22
1154,22
1155,22
1156,22
1157,22
1158,22
1159,22
1160,22
1161,22
1162,22
1163,22
1164,22
1165,22
1166,22
1167,22
1168,22
1169,22
1170,22
1171,22
1172,22
1173,22
1174,22
1175,22
1176,22
1177,22
1178,22
1179,22
1180,22
1181,22
1182,22
1183,22
1184,22
1185,22
1186,22
1187,22
1188,22
1189,22
1190,22
1191,22
1192,22
1193,22
1194,22
1195,22
1196,22
1197,22
1198,22
1199,22
1200,22
1201,22
1202,22
1203,22
1204,22
1205,22
1206,22
1207,22
1208,22
1209,22
1210,22
1211,22
1212,22
1213,22
1214,22
1215,22
1216,22
1217,22
1218,22
1219,22
1220,22
1221,22
1222,22
1223,22
1224,22
1225,22
1226,22
1227,22
1228,22
1229,22
1230,22
1231,22
1232,22
1233,22
1234,22
1235,22
1236,22
1237,22
1238,22
1239,22
1240,22
1241,22
1242,22
1243,22
1244,22
1245,22
1246,22
1247,22
1248,22
1249,22
1250,22
1251,22
1252,22
1253,22
1254,22
1255,22
1256,22
1257,22
1258,22
1259,22
1260,22
1261,22
1262,22
1263,22
1264,22
1265,22
1266,22
1267,22
1268,22
1269,22
1270,22
1271,22
1272,22
1273,22
1274,22
1275,22
1276,22
1277,22
1278,22
1279,22
1280,22
1281,22
1282,22
1283,22
1284,22
1285,22
1286,22
1287,22
1288,22
1289,22
1290,22
1291,22
1292,22
1293,22
1294,22
1295,22
1296,22
1297,22
1298,22
1299,22
1300,22
1301,22
1302,22
1303,22
1304,22
1305,22
1306,22
1307,22
1308,22
1309,22
1310,22
1311,22
1312,22
1313,22
1314,22
1315,22
1316,22
1317,22
1318,22
1319,22
1320,22
1321,22
1322,22
1323,22
1324,22
1325,22
1326,22
1327,22
1328,22
1329,22
1330,22
1331,22
1332,22
1333,22
1334,22
1335,22
1336,22
1337,22
1338,22
1339,22
1340,22
1341,22
1342,22
1343,22
1344,22
1345,22
1346,22
1347,22
1348,22
1349,22
1350,22
1351,22
1352,22
1353,22
1354,22
1355,22
1356,22
1357,22
1358,22
1359,22
1360,22
1361,22
1362,22
1363,22
1364,22
1365,22
1366,22
1367,22
1368,22
1369,22
1370,22
1371,22
1372,22
1373,22
1374,22
1375,22
1376,22
1377,22
1378,22
1379,22
1380,22
1381,22
1382,22
1383,22
1384,22
1385,22
1386,22
1387,22
1388,22
1389,22
1390,22
1391,22
1392,22
1393,22
1394,22
1395,22
1396,22
1397,22
1398,22
1399,22
1400,22
1401,22
1402,22
1403,22
1404,22
1405,22
1406,22
1407,22
1408,22
1409,22
1410,22
1411,22
1412,22
1413,22
1414,22
1415,22
1416,22
1417,22
1418,22
1419,22
1420,22
1421,22
1422,22
1423,22
1424,22
1425,22
1426,22
1427,22
1428,22
1429,22
1430,22
1431,22
1432,22
1433,22
1434,22
1435,22
1436,22
1437,22
1438,22
1439,22
1440,22
1441,22
1442,22
1443,22
1444,22
1445,22
1446,22
1447,22
1448,22
1449,22
1450,22
1451,22
1452,22
1453,22
1454,22
1455,22
1456,22
1457,22
1458,22
1459,22
1460,22
1461,22
1462,22
1463,22
1464,22
1465,22
1466,22
1467,22
1468,22
1469,22
1470,22
1471,22
1472,22
1473,22
1474,22
1475,22
1476,22
1477,22
1478,22
1479,22
1480,22
1481,22
1482,22
1483,22
1484,22
1485,22
1486,22
1487,22
1488,22
1489,22
1490,22
1491,22
1492,22
1493,22
1494,22
1495,22
1496,22
1497,22
1498,22
1499,22
1500,22
1501,22
1502,22
1503,22
1504,22
1505,22
1506,22
1507,22
1508,22
1509,22
1510,22
1511,19
1512,18
1513,18
1514,18
1515,18
1516,18
1517,18
1518,18
1519,18
1520,18
1521,18
1522,18
1523,18
1524,18
1525,18
1526,18
1527,18
1528,18
1529,18
1530,18
1531,18
1532,18
1533,18
1534,18
1535,18
1536,18
1537,18
1538,18
1539,18
1540,18
1541,18
1542,18
1543,18
1544,18
1545,18
1546,18
1547,18
1548,18
1549,18
1550,18
1551,18
1552,18
1553,18
1554,18
1555,18
1556,18
1557,18
1558,18
1559,18
1560,18
1561,18
1562,18
1563,18
1564,18
1565,18
1566,18
1567,18
1568,18
1569,18
1570,18
1571,18
1572,18
1573,18
1574,17
1575,17
1576,17
1577,17
1578,17
1579,17
1580,17
1581,17
1582,17
1583,17
1584,17
1585,17
1586,17
1587,17
1588,17
1589,17
1590,17
1591,17
1592,17
1593,17
1594,17
1595,17
1596,17
1597,17
1598,17
1599,17
1600,17
1601,17
1602,17
1603,17
1604,17
1605,17
1606,17
1607,17
1608,17
1609,17
1610,17
1611,17
1612,17
1613,17
1614,17
1615,17
1616,15
1617,15
1618,15
1619,15
1620,15
1621,15
1622,15
1623,15
1624,15
1625,15
1626,15
1627,15
1628,15
1629,15
1630,15
1631,15
1632,15
1633,15
1634,15
1635,15
1636,15
1637,15
1638,14
1639,14
1640,14
1641,14
1642,14
1643,14
1644,14
1645,14
1646,14
1647,14
1648,14
1649,14
1650,14
1651,14
1652,14
1653,14
1654,14
1655,14
1656,14
1657,14
1658,14
1659,14
1660,14
1661,14
1662,14
1663,14
1664,14
1665,14
1666,14
1667,14
1668,14
1669,14
1670,14
1671,14
1672,14
1673,14
1674,14
1675,14
1676,14
1677,14
1678,14
1679,14
1680,14
1681,14
1682,14
1683,14
1684,14
1685,14
1686,14
1687,14
1688,14
1689,14
1690,14
1691,14
1692,14
1693,14
1694,14
1695,14
1696,14
1697,14
1698,14
1699,14
1700,14
1701,14
1702,14
1703,14
1704,14
1705,14
1706,14
1707,14
1708,14
1709,14
1710,14
1711,14
1712,14
1713,14
1714,14
1715,14
1716,14
1717,14
1718,14
1719,14
1720,14
1721,14
1722,14
1723,14
1724,14
1725,14
1726,14
1727,14
1728,14
1729,14
1730,14
1731,14
1732,14
1733,14
1734,14
1735,14
1736,14
1737,14
1738,14
1739,14
1740,14
1741,14
1742,14
1743,14
1744,14
1745,14
1746,14
1747,14
1748,14
1749,14
1750,14
1751,14
1752,14
1753,14
1754,14
1755,14
1756,14
1757,14
1758,14
1759,14
1760,14
1761,14
1762,14
1763,14
1764,14
1765,14
1766,14
1767,14
1768,14
1769,14
1770,14
1771,14
1772,14
1773,14
1774,14
1775,14
1776,14
1777,14
1778,14
1779,14
1780,14
1781,14
1782,14
1783,14
1784,13
1785,13
1786,13
1787,13
1788,13
1789,13
1790,13
1791,13
1792,13
1793,13
1794,13
1795,13
1796,13
1797,13
1798,13
1799,13
1800,13
1801,13
1802,13
1803,13
1804,13
1805,13
1806,13
1807,13
1808,13
1809,13
1810,13
1811,13
1812,13
1813,13
1814,13
1815,13
1816,13
1817,13
1818,13
1819,13
1820,13
1821,13
1822,13
1823,13
1824,13
1825,13
1826,13
1827,13
1828,13
1829,13
1830,13
1831,13
1832,13
1833,13
1834,13
1835,13
1836,13
1837,13
1838,13
1839,13
1840,13
1841,13
1842,13
1843,13
1844,13
1845,13
1846,13
1847,13
1848,13
1849,13
1850,13
1851,13
1852,13
1853,13
1854,13
1855,13
1856,13
1857,13
1858,13
1859,13
1860,13
1861,13
1862,13
1863,13
1864,13
1865,13
1866,13
1867,13
1868,13
1869,13
1870,13
1871,13
1872,13
1873,13
1874,13
1875,13
1876,13
1877,13
1878,13
1879,13
1880,13
1881,13
1882,13
1883,13
1884,13
1885,13
1886,13
1887,13
1888,13
1889,13
1890,13
1891,13
1892,13
1893,13
1894,13
1895,13
1896,13
1897,13
1898,13
1899,13
1900,13
1901,13
1902,13
1903,13
1904,13
1905,13
1906,13
1907,13
1908,13
1909,13
1910,13
1911,13
1912,13
1913,13
1914,13
1915,13
1916,13
1917,13
1918,13
1919,13
1920,13
1921,13
1922,13
1923,13
1924,13
1925,13
1926,13
1927,13
1928,13
1929,13
1930,13
1931,13
1932,13
1933,13
1934,13
1935,13
1936,13
1937,13
1938,13
1939,13
1940,13
1941,13
1942,13
1943,13
1944,13
1945,13
1946,13
1947,13
1948,13
1949,13
1950,13
1951,13
1952,13
1953,13
1954,13
1955,13
1956,13
1957,13
1958,13
1959,13
1960,13
1961,13
1962,13
1963,13
1964,13
1965,13
1966,13
1967,13
1968,13
1969,13
1970,13
1971,13
1972,13
1973,13
1974,13
1975,13
1976,13
1977,13
1978,13
1979,13
1980,13
1981,13
1982,13
1983,13
1984,13
1985,13
1986,13
1987,13
1988,13
1989,13
1990,13
1991,13
1992,13
1993,13
1994,13
1995,13
1996,13
1997,13
1998,13
1999,13
2000,13
2001,13
2002,13
2003,13
2004,13
2005,13
2006,13
2007,13
2008,13
2009,13
2010,13
2011,13
2012,13
2013,13
2014,13
2015,13
2016,13
2017,13
2018,12
2019,12
2020,12
2021,12
2022,12
2023,12
2024,12
2025,12
2026,12
2027,12
2028,12
2029,12
2030,12
2031,12
2032,12
2033,12
2034,12
2035,12
2036,12
2037,12
2038,12
2039,12
2040,12
2041,12
2042,12
2043,12
2044,12
2045,12
2046,12
2047,12
2048,12
2049,12
2050,12
2051,12
2052,12
2053,12
2054,12
2055,12
2056,12
2057,12
2058,12
2059,12
2060,12
2061,12
2062,12
2063,12
2064,12
2065,12
2066,12
2067,12
2068,12
2069,12
2070,12
2071,12
2072,12
2073,12
2074,12
2075,12
2076,12
2077,12
2078,12
2079,12
2080,12
2081,12
2082,12
2083,12
2084,12
2085,12
2086,12
2087,12
2088,12
2089,12
2090,12
2091,12
2092,12
2093,12
2094,12
2095,12
2096,12
2097,12
2098,12
2099,12
2100,12
2101,12
2102,12
2103,12
2104,12
2105,12
2106,12
2107,12
2108,12
2109,12
2110,12
2111,12
2112,12
2113,12
2114,12
2115,12
2116,12
2117,12
2118,12
2119,12
2120,12
2121,12
2122,12
2123,12
2124,12
2125,12
2126,12
2127,12
2128,12
2129,12
2130,12
2131,12
2132,12
2133,12
2134,12
2135,12
2136,12
2137,12
2138,12
2139,12
2140,12
2141,12
2142,12
2143,12
2144,12
2145,12
2146,12
2147,12
2148,12
2149,12
2150,12
2151,12
2152,12
2153,12
2154,12
2155,12
2156,12
2157,12
2158,12
2159,12
2160,12
2161,12
2162,12
2163,12
2164,12
2165,12
2166,12
2167,12
2168,12
2169,12
2170,12
2171,12
2172,12
2173,12
2174,12
2175,12
2176,12
2177,12
2178,12
2179,12
2180,12
2181,12
2182,12
2183,12
2184,12
2185,12
2186,12
2187,12
2188,12
2189,12
2190,12
2191,12
2192,12
2193,12
2194,12
2195,12
2196,12
2197,12
2198,12
2199,12
2200,12
2201,12
2202,12
2203,12
2204,12
2205,12
2206,12
2207,12
2208,12
2209,12
2210,12
2211,12
2212,12
2213,12
2214,12
2215,12
2216,12
2217,12
2218,12
2219,12
2220,12
2221,12
2222,12
2223,12
2224,12
2225,12
2226,12
2227,12
2228,12
2229,12
2230,12
2231,12
2232,12
2233,12
2234,12
2235,12
2236,12
2237,12
2238,12
2239,12
2240,12
2241,12
2242,12
2243,12
2244,12
2245,12
2246,12
2247,12
2248,12
2249,12
2250,12
2251,12
2252,12
2253,12
2254,12
2255,12
2256,12
2257,12
2258,12
2259,12
2260,12
2261,12
2262,12
2263,12
2264,12
2265,12
2266,12
2267,12
2268,12
2269,12
2270,12
2271,12
2272,12
2273,12
2274,12
2275,12
2276,12
2277,12
2278,12
2279,12
2280,12
2281,12
2282,12
2283,12
2284,12
2285,12
2286,12
2287,12
2288,12
2289,12
2290,12
2291,12
2292,12
2293,12
2294,12
2295,12
2296,12
2297,12
2298,12
2299,12
2300,12
2301,12
2302,12
2303,12
2304,12
2305,12
2306,12
2307,12
2308,12
2309,12
2310,12
2311,12
2312,12
2313,12
2314,12
2315,12
2316,12
2317,12
2318,12
2319,12
2320,12
2321,12
2322,12
2323,12
2324,12
2325,12
2326,12
2327,12
2328,12
2329,12
2330,12
2331,12
2332,12
2333,12
2334,12
2335,12
2336,12
2337,12
2338,12
2339,12
2340,12
2341,12
2342,12
2343,12
2344,12
2345,12
2346,12
2347,12
2348,12
2349,12
2350,12
2351,12
2352,12
2353,12
2354,12
2355,12
2356,12
2357,12
2358,12
2359,12
2360,12
2361,12
2362,12
2363,12
2364,12
2365,12
2366,12
2367,12
2368,12
2369,12
2370,12
2371,12
2372,12
2373,12
2374,12
2375,12
2376,12
2377,12
2378,12
2379,12
2380,12
2381,12
2382,12
2383,12
2384,12
2385,12
2386,12
2387,12
2388,12
2389,12
2390,12
2391,12
2392,12
2393,12
2394,12
2395,12
2396,12
2397,12
2398,12
2399,12
2400,12
2401,12
2402,12
2403,12
2404,12
2405,12
2406,12
2407,12
2408,12
2409,12
2410,12
2411,12
2412,12
2413,12
2414,12
2415,12
2416,12
2417,12
2418,12
2419,12
2420,12
2421,12
2422,12
2423,12
2424,12
2425,12
2426,12
2427,12
2428,12
2429,12
2430,12
2431,12
2432,12
2433,12
2434,12
2435,12
2436,12
2437,12
2438,12
2439,12
2440,12
2441,12
2442,12
2443,12
2444,12
2445,12
2446,12
2447,12
2448,12
2449,12
2450,12
2451,12
2452,12
2453,12
2454,12
2455,12
2456,12
2457,12
2458,12
2459,12
2460,12
2461,12
2462,12
2463,12
2464,12
2465,12
2466,12
2467,12
2468,12
2469,12
2470,12
2471,12
2472,12
2473,12
2474,12
2475,12
2476,12
2477,12
2478,12
2479,12
2480,12
2481,12
2482,12
2483,12
2484,12
2485,12
2486,12
2487,12
2488,12
2489,12
2490,12
2491,12
2492,12
2493,12
2494,12
2495,12
2496,12
2497,12
2498,12
2499,12
2500,12
2501,12
2502,12
2503,12
2504,12
2505,12
2506,12
2507,12
2508,12
2509,12
2510,12
2511,12
2512,12
2513,12
2514,12
2515,12
2516,12
2517,12
2518,12
2519,12
2520,12
2521,12
2522,12
2523,12
2524,12
2525,12
2526,12
2527,12
2528,12
2529,12
2530,12
2531,12
2532,12
2533,12
2534,12
2535,12
2536,12
2537,12
2538,12
2539,12
2540,12
2541,12
2542,12
2543,12
2544,12
2545,12
2546,12
2547,12
2548,12
2549,12
2550,12
2551,12
2552,12
2553,12
2554,12
2555,12
2556,12
2557,12
2558,12
2559,12
2560,12
2561,12
2562,12
2563,12
2564,12
2565,12
2566,12
2567,12
2568,12
2569,12
2570,12
2571,12
2572,12
2573,12
2574,12
2575,12
2576,12
2577,12
2578,12
2579,12
2580,12
2581,12
2582,12
2583,12
2584,12
2585,12
2586,12
2587,12
2588,12
2589,12
2590,12
2591,12
2592,12
2593,12
2594,12
2595,12
2596,12
2597,12
2598,12
2599,12
2600,12
2601,12
2602,12
2603,12
2604,12
2605,12
2606,12
2607,12
2608,12
2609,12
2610,12
2611,12
2612,12
2613,12
2614,12
2615,12
2616,12
2617,12
2618,12
2619,12
2620,12
2621,12
2622,12
2623,12
2624,12
2625,12
2626,12
2627,12
2628,12
2629,12
2630,12
2631,12
2632,12
2633,12
2634,12
2635,12
2636,12
2637,12
2638,12
2639,12
2640,12
2641,12
2642,12
2643,12
2644,12
2645,12
2646,12
2647,12
2648,12
2649,12
2650,12
2651,12
2652,12
2653,12
2654,12
2655,12
2656,12
2657,12
2658,12
2659,12
2660,12
2661,12
2662,12
2663,12
2664,12
2665,12
2666,12
2667,12
2668,12
2669,12
2670,12
2671,12
2672,12
2673,12
2674,12
2675,12
2676,12
2677,12
2678,12
2679,12
2680,12
2681,12
2682,12
2683,12
2684,12
2685,12
2686,12
2687,12
2688,12
2689,12
2690,12
2691,12
2692,12
2693,12
2694,12
2695,12
2696,12
2697,12
2698,12
2699,12
2700,12
2701,12
2702,12
2703,12
2704,12
2705,12
2706,12
2707,12
2708,12
2709,12
2710,12
2711,12
2712,12
2713,12
2714,12
2715,12
2716,12
2717,12
2718,12
2719,12
2720,12
2721,12
2722,12
2723,12
2724,12
2725,12
2726,12
2727,12
2728,12
2729,12
2730,12
2731,12
2732,12
2733,12
2734,12
2735,12
2736,12
2737,12
2738,12
2739,12
2740,12
2741,12
2742,12
2743,12
2744,12
2745,12
2746,12
2747,12
2748,12
2749,12
2750,12
2751,12
2752,12
2753,12
2754,12
2755,12
2756,12
2757,12
2758,12
2759,12
2760,12
2761,12
2762,12
2763,12
2764,12
2765,12
2766,12
2767,12
2768,12
2769,12
2770,12
2771,12
2772,12
2773,12
2774,12
2775,12
2776,12
2777,12
2778,12
2779,12
2780,12
2781,12
2782,12
2783,12
2784,12
2785,12
2786,12
2787,12
2788,12
2789,12
2790,12
2791,12
2792,12
2793,12
2794,12
2795,12
2796,12
2797,12
2798,12
2799,12
2800,12
2801,12
2802,12
2803,12
2804,12
2805,12
2806,12
2807,12
2808,12
2809,12
2810,12
2811,12
2812,12
2813,12
2814,12
2815,12
2816,12
2817,12
2818,12
2819,12
2820,12
2821,12
2822,12
2823,12
2824,12
2825,12
2826,12
2827,12
2828,12
2829,12
2830,12
2831,12
2832,12
2833,12
2834,12
2835,12
2836,12
2837,12
2838,12
2839,12
2840,12
2841,12
2842,12
2843,12
2844,12
2845,12
2846,12
2847,12
2848,12
2849,12
2850,12
2851,12
2852,12
2853,12
2854,12
2855,12
2856,12
2857,12
2858,12
2859,12
2860,12
2861,12
2862,12
2863,12
2864,12
2865,12
2866,12
2867,12
2868,12
2869,12
2870,12
2871,12
2872,12
2873,12
2874,12
2875,12
2876,12
2877,12
2878,12
2879,12
2880,12
2881,12
2882,12
2883,12
2884,12
2885,12
2886,12
2887,12
2888,12
2889,12
2890,12
2891,12
2892,12
2893,12
2894,12
2895,12
2896,12
2897,12
2898,12
2899,12
2900,12
2901,12
2902,12
2903,12
2904,12
2905,12
2906,12
2907,12
2908,12
2909,12
2910,12
2911,12
2912,12
2913,12
2914,12
2915,12
2916,12
2917,12
2918,12
2919,12
2920,12
2921,12
2922,12
2923,12
2924,12
2925,12
2926,12
2927,12
2928,12
2929,12
2930,12
2931,12
2932,12
2933,12
2934,12
2935,12
2936,12
2937,12
2938,12
2939,12
2940,12
2941,12
2942,12
2943,12
2944,12
2945,12
2946,12
2947,12
2948,12
2949,12
2950,12
2951,12
2952,12
2953,12
2954,12
2955,12
2956,12
2957,12
2958,12
2959,12
2960,12
2961,12
2962,12
2963,12
2964,12
2965,12
2966,12
2967,12
2968,12
2969,12
2970,12
2971,12
2972,12
2973,12
2974,12
2975,12
2976,12
2977,12
2978,12
2979,12
2980,12
2981,12
2982,12
2983,12
2984,12
2985,12
2986,12
2987,12
2988,12
2989,12
2990,12
2991,12
2992,12
2993,12
2994,12
2995,12
2996,12
2997,12
2998,12
2999,12
3000,12
3001,12
3002,12
3003,12
3004,12
3005,12
3006,12
3007,12
3008,12
3009,11
3010,11
3011,11
3012,11
3013,11
3014,11
3015,11
3016,11
3017,11
3018,11
3019,11
3020,11
3021,11
3022,11
3023,11
3024,11
3025,11
3026,11
3027,11
3028,11
3029,11
3030,11
3031,11
3032,11
3033,11
3034,11
3035,11
3036,11
3037,11
3038,11
3039,11
3040,11
3041,11
3042,11
3043,11
3044,11
3045,11
3046,11
3047,11
3048,11
3049,11
3050,11
3051,11
3052,11
3053,11
3054,11
3055,11
3056,11
3057,11
3058,11
3059,11
3060,11
3061,11
3062,11
3063,11
3064,11
3065,11
3066,11
3067,11
3068,11
3069,11
3070,11
3071,11
3072,11
3073,11
3074,11
3075,11
3076,11
3077,11
3078,11
3079,11
3080,11
3081,11
3082,11
3083,11
3084,11
3085,11
3086,11
3087,11
3088,11
3089,11
3090,11
3091,11
3092,11
3093,11
3094,11
3095,11
3096,11
3097,11
3098,11
3099,11
3100,11
3101,11
3102,11
3103,11
3104,11
3105,11
3106,11
3107,11
3108,11
3109,11
3110,11
3111,11
3112,11
3113,11
3114,11
3115,11
3116,11
3117,11
3118,11
3119,11
3120,11
3121,11
3122,11
3123,11
3124,11
3125,11
3126,11
3127,11
3128,11
3129,11
3130,11
3131,11
3132,11
3133,11
3134,11
3135,11
3136,11
3137,11
3138,11
3139,11
3140,11
3141,11
3142,11
3143,11
3144,11
3145,11
3146,11
3147,11
3148,11
3149,11
3150,11
3151,11
3152,11
3153,11
3154,11
3155,11
3156,11
3157,11
3158,11
3159,11
3160,11
3161,11
3162,11
3163,11
3164,11
3165,11
3166,11
3167,11
3168,11
3169,11
3170,11
3171,11
3172,11
3173,11
3174,11
3175,11
3176,11
3177,11
3178,11
3179,11
3180,11
3181,11
3182,11
3183,11
3184,11
3185,11
3186,11
3187,11
3188,11
3189,11
3190,11
3191,11
3192,11
3193,11
3194,11
3195,11
3196,11
3197,11
3198,11
3199,11
3200,11
3201,11
3202,11
3203,11
3204,11
3205,11
3206,11
3207,11
3208,11
3209,11
3210,11
3211,11
3212,11
3213,11
3214,11
3215,11
3216,11
3217,10
3218,10
3219,10
3220,10
3221,10
3222,10
3223,10
3224,10
3225,10
3226,10
3227,10
3228,10
3229,10
3230,10
3231,10
3232,10
3233,10
3234,10
3235,10
3236,10
3237,10
3238,10
3239,10
3240,10
3241,10
3242,10
3243,10
3244,10
3245,10
3246,10
3247,10
3248,10
3249,10
3250,10
3251,10
3252,10
3253,10
3254,10
3255,10
3256,10
3257,10
3258,10
3259,10
3260,10
3261,10
3262,10
3263,10
3264,10
3265,10
3266,10
3267,10
3268,10
3269,10
3270,10
3271,10
3272,10
3273,10
3274,10
3275,10
3276,10
3277,10
3278,10
3279,10
3280,10
3281,10
3282,10
3283,9
3284,9
3285,9
3286,9
3287,9
3288,9
3289,9
3290,9
3291,9
3292,9
3293,9
3294,9
3295,9
3296,9
3297,9
3298,9
3299,9
3300,9
3301,9
3302,9
3303,9
3304,9
3305,9
3306,9
3307,9
3308,9
3309,9
3310,9
3311,9
3312,9
3313,9
3314,9
3315,9
3316,9
3317,9
3318,9
3319,9
3320,9
3321,9
3322,9
3323,9
3324,9
3325,9
3326,9
3327,9
3328,9
3329,9
3330,9
3331,9
3332,9
3333,9
3334,9
3335,9
3336,9
3337,9
3338,9
3339,9
3340,9
3341,9
3342,9
3343,9
3344,9
3345,9
3346,9
3347,9
3348,9
3349,9
3350,9
3351,9
3352,9
3353,9
3354,9
3355,9
3356,9
3357,9
3358,9
3359,9
3360,9
3361,9
3362,9
3363,9
3364,9
3365,9
3366,9
3367,9
3368,9
3369,9
3370,9
3371,9
3372,9
3373,9
3374,9
3375,9
3376,9
3377,9
3378,9
3379,9
3380,9
3381,9
3382,9
3383,9
3384,9
3385,9
3386,9
3387,9
3388,9
3389,9
3390,9
3391,9
3392,9
3393,9
3394,9
3395,9
3396,9
3397,9
3398,9
3399,9
3400,9
3401,9
3402,9
3403,9
3404,9
3405,9
3406,9
3407,9
3408,9
3409,9
3410,9
3411,9
3412,9
3413,9
3414,9
3415,9
3416,9
3417,9
3418,9
3419,9
3420,9
3421,9
3422,9
3423,9
3424,9
3425,9
3426,9
3427,9
3428,9
3429,9
3430,9
3431,9
3432,9
3433,9
3434,9
3435,9
3436,9
3437,9
3438,9
3439,9
3440,9
3441,9
3442,9
3443,9
3444,9
3445,9
3446,9
3447,9
3448,9
3449,9
3450,9
3451,9
3452,9
3453,9
3454,9
3455,9
3456,9
3457,9
3458,9
3459,9
3460,9
3461,9
3462,9
3463,9
3464,9
3465,9
3466,9
3467,9
3468,9
3469,9
3470,9
3471,9
3472,9
3473,9
3474,9
3475,9
3476,9
3477,9
3478,9
3479,9
3480,9
3481,9
3482,9
3483,9
3484,9
3485,9
3486,9
3487,9
3488,9
3489,9
3490,9
3491,9
3492,9
3493,9
3494,9
3495,9
3496,9
3497,9
3498,9
3499,9
3500,9
3501,9
3502,9
3503,9
3504,9
3505,9
3506,9
3507,9
3508,9
3509,9
3510,9
3511,9
3512,9
3513,9
3514,9
3515,9
3516,9
3517,9
3518,9
3519,9
3520,9
3521,9
3522,9
3523,9
3524,9
3525,9
3526,9
3527,9
3528,9
3529,9
3530,9
3531,9
3532,9
3533,9
3534,9
3535,9
3536,9
3537,8
3538,8
3539,8
3540,8
3541,8
3542,8
3543,8
3544,8
3545,8
3546,8
3547,8
3548,8
3549,8
3550,8
3551,8
3552,8
3553,8
3554,8
3555,8
3556,8
3557,8
3558,8
3559,8
3560,8
3561,8
3562,8
3563,8
3564,8
3565,8
3566,8
3567,8
3568,8
3569,8
3570,8
3571,8
3572,8
3573,8
3574,8
3575,8
3576,8
3577,8
3578,8
3579,8
3580,8
3581,8
3582,8
3583,8
3584,8
3585,8
3586,8
3587,8
3588,8
3589,8
3590,8
3591,8
3592,8
3593,8
3594,8
3595,8
3596,8
3597,8
3598,8
3599,8
3600,8
3601,8
3602,8
3603,8
3604,8
3605,8
3606,8
3607,8
3608,8
3609,8
3610,8
3611,8
3612,8
3613,8
3614,8
3615,8
3616,8
3617,8
3618,8
3619,8
3620,8
3621,8
3622,8
3623,8
3624,8
3625,8
3626,8
3627,8
3628,8
3629,8
3630,8
3631,8
3632,8
3633,8
3634,8
3635,8
3636,8
3637,8
3638,8
3639,8
3640,8
3641,8
3642,8
3643,8
3644,8
3645,8
3646,8
3647,8
3648,8
3649,8
3650,8
3651,8
3652,8
3653,8
3654,8
3655,8
3656,8
3657,8
3658,8
3659,8
3660,8
3661,8
3662,8
3663,8
3664,8
3665,8
3666,8
3667,8
3668,8
3669,8
3670,8
3671,8
3672,8
3673,8
3674,8
3675,8
3676,8
3677,8
3678,8
3679,8
3680,8
3681,8
3682,8
3683,8
3684,8
3685,8
3686,8
3687,8
3688,8
3689,8
3690,8
3691,8
3692,8
3693,8
3694,8
3695,8
3696,8
3697,8
3698,8
3699,8
3700,8
3701,8
3702,8
3703,8
3704,8
3705,8
3706,8
3707,8
3708,8
3709,8
3710,8
3711,8
3712,8
3713,8
3714,8
3715,8
3716,8
3717,8
3718,8
3719,8
3720,8
3721,8
3722,8
3723,8
3724,8
3725,8
3726,8
3727,8
3728,8
3729,8
3730,8
3731,8
3732,8
3733,8
3734,8
3735,8
3736,8
3737,8
3738,8
3739,8
3740,8
3741,8
3742,8
3743,8
3744,8
3745,8
3746,8
3747,8
3748,8
3749,8
3750,8
3751,8
3752,8
3753,8
3754,8
3755,8
3756,8
3757,8
3758,8
3759,8
3760,8
3761,8
3762,8
3763,8
3764,8
3765,8
3766,8
3767,8
3768,8
3769,8
3770,8
3771,8
3772,8
3773,8
3774,8
3775,8
3776,8
3777,8
3778,8
3779,8
3780,8
3781,8
3782,8
3783,8
3784,8
3785,8
3786,8
3787,8
3788,8
3789,8
3790,8
3791,8
3792,8
3793,8
3794,8
3795,8
3796,8
3797,8
3798,8
3799,8
3800,8
3801,8
3802,8
3803,8
3804,8
3805,8
3806,8
3807,8
3808,8
3809,8
3810,8
3811,8
3812,8
3813,8
3814,8
3815,8
3816,8
3817,8
3818,8
3819,8
3820,8
3821,8
3822,8
3823,8
3824,8
3825,8
3826,8
3827,8
3828,8
3829,8
3830,8
3831,8
3832,8
3833,8
3834,8
3835,8
3836,8
3837,8
3838,8
3839,8
3840,8
3841,8
3842,8
3843,8
3844,8
3845,8
3846,8
3847,8
3848,8
3849,8
3850,8
3851,8
3852,8
3853,8
3854,8
3855,8
3856,8
3857,8
3858,8
3859,8
3860,8
3861,8
3862,8
3863,8
3864,8
3865,8
3866,8
3867,8
3868,8
3869,8
3870,8
3871,8
3872,8
3873,8
3874,8
3875,8
3876,8
3877,8
3878,8
3879,8
3880,8
3881,8
3882,8
3883,8
3884,8
3885,8
3886,8
3887,8
3888,8
3889,8
3890,8
3891,8
3892,8
3893,8
3894,8
3895,8
3896,8
3897,8
3898,8
3899,8
3900,8
3901,8
3902,8
3903,8
3904,8
3905,8
3906,8
3907,8
3908,8
3909,8
3910,8
3911,8
3912,8
3913,8
3914,8
3915,8
3916,8
3917,8
3918,8
3919,8
3920,8
3921,8
3922,8
3923,8
3924,8
3925,8
3926,8
3927,8
3928,8
3929,8
3930,8
3931,8
3932,8
3933,8
3934,8
3935,8
3936,8
3937,8
3938,8
3939,8
3940,8
3941,8
3942,8
3943,8
3944,8
3945,8
3946,8
3947,8
3948,8
3949,8
3950,8
3951,8
3952,8
3953,8
3954,8
3955,8
3956,8
3957,8
3958,8
3959,8
3960,8
3961,8
3962,8
3963,8
3964,8
3965,8
3966,8
3967,8
3968,8
3969,8
3970,8
3971,8
3972,8
3973,8
3974,8
3975,8
3976,8
3977,8
3978,8
3979,8
3980,8
3981,8
3982,8
3983,8
3984,8
3985,8
3986,8
3987,8
3988,8
3989,8
3990,8
3991,8
3992,8
3993,8
3994,8
3995,8
3996,8
3997,8
3998,8
3999,8
4000,8
4001,8
4002,8
4003,8
4004,8
4005,8
4006,8
4007,8
4008,8
4009,8
4010,8
4011,8
4012,8
4013,8
4014,8
4015,8
4016,8
4017,8
4018,8
4019,8
4020,8
4021,8
4022,8
4023,8
4024,8
4025,8
4026,8
4027,8
4028,8
4029,8
4030,8
4031,8
4032,8
4033,8
4034,8
4035,8
4036,8
4037,8
4038,8
4039,8
4040,8
4041,8
4042,8
4043,8
4044,8
4045,8
4046,8
4047,8
4048,8
4049,8
4050,8
4051,8
4052,8
4053,8
4054,8
4055,8
4056,8
4057,8
4058,8
4059,8
4060,8
4061,8
4062,8
4063,8
4064,8
4065,8
4066,8
4067,8
4068,8
4069,8
4070,8
4071,8
4072,8
4073,8
4074,8
4075,8
4076,8
4077,8
4078,8
4079,8
4080,8
4081,8
4082,8
4083,8
4084,8
4085,8
4086,8
4087,8
4088,8
4089,8
4090,8
4091,8
4092,8
4093,8
4094,8
4095,8
4096,8
4097,8
4098,8
4099,8
4100,8
4101,8
4102,8
4103,8
4104,8
4105,8
4106,8
4107,8
4108,8
4109,8
4110,8
4111,8
4112,8
4113,8
4114,8
4115,8
4116,8
4117,8
4118,8
4119,8
4120,8
4121,8
4122,8
4123,8
4124,8
4125,8
4126,8
4127,8
4128,8
4129,8
4130,8
4131,8
4132,8
4133,8
4134,8
4135,8
4136,8
4137,8
4138,8
4139,8
4140,8
4141,8
4142,8
4143,8
4144,8
4145,8
4146,8
4147,8
4148,8
4149,8
4150,8
4151,8
4152,8
4153,8
4154,8
4155,8
4156,8
4157,8
4158,8
4159,8
4160,8
4161,8
4162,8
4163,8
4164,8
4165,8
4166,8
4167,8
4168,8
4169,8
4170,8
4171,8
4172,8
4173,8
4174,8
4175,8
4176,8
4177,8
4178,8
4179,8
4180,8
4181,8
4182,8
4183,8
4184,8
4185,8
4186,8
4187,8
4188,8
4189,8
4190,8
4191,8
4192,8
4193,8
4194,8
4195,8
4196,8
4197,8
4198,8
4199,8
4200,8
4201,8
4202,8
4203,8
4204,8
4205,8
4206,8
4207,8
4208,8
4209,8
4210,8
4211,8
4212,8
4213,8
4214,8
4215,8
4216,8
4217,8
4218,8
4219,8
4220,8
4221,8
4222,8
4223,8
4224,8
4225,8
4226,8
4227,8
4228,8
4229,8
4230,8
4231,8
4232,8
4233,8
4234,8
4235,8
4236,8
4237,8
4238,8
4239,8
4240,8
4241,8
4242,8
4243,8
4244,8
4245,8
4246,8
4247,8
4248,8
4249,8
4250,8
4251,8
4252,8
4253,8
4254,8
4255,8
4256,8
4257,8
4258,8
4259,8
4260,8
4261,8
4262,8
4263,8
4264,8
4265,8
4266,8
4267,8
4268,8
4269,8
4270,8
4271,8
4272,8
4273,8
4274,8
4275,8
4276,8
4277,8
4278,8
4279,8
4280,8
4281,8
4282,8
4283,8
4284,8
4285,8
4286,8
4287,8
4288,8
4289,8
4290,8
4291,8
4292,8
4293,8
4294,8
4295,8
4296,8
4297,8
4298,8
4299,8
4300,8
4301,8
4302,8
4303,8
4304,8
4305,8
4306,8
4307,8
4308,8
4309,8
4310,8
4311,8
4312,8
4313,8
4314,8
4315,8
4316,8
4317,8
4318,8
4319,8
4320,8
4321,8
4322,8
4323,8
4324,8
4325,8
4326,8
4327,8
4328,8
4329,8
4330,8
4331,8
4332,8
4333,8
4334,8
4335,8
4336,8
4337,8
4338,8
4339,8
4340,8
4341,8
4342,8
4343,8
4344,8
4345,8
4346,8
4347,8
4348,8
4349,8
4350,8
4351,8
4352,8
4353,8
4354,8
4355,8
4356,8
4357,8
4358,8
4359,8
4360,8
4361,8
4362,8
4363,8
4364,8
4365,8
4366,8
4367,8
4368,8
4369,8
4370,8
4371,8
4372,8
4373,8
4374,8
4375,8
4376,8
4377,8
4378,8
4379,8
4380,8
4381,8
4382,8
4383,8
4384,8
4385,8
4386,8
4387,8
4388,8
4389,8
4390,8
4391,8
4392,8
4393,8
4394,8
4395,8
4396,8
4397,8
4398,8
4399,8
4400,8
4401,8
4402,8
4403,8
4404,8
4405,8
4406,8
4407,8
4408,8
4409,8
4410,8
4411,8
4412,8
4413,8
4414,8
4415,8
4416,8
4417,8
4418,8
4419,8
4420,8
4421,8
4422,8
4423,8
4424,8
4425,8
4426,8
4427,8
4428,8
4429,8
4430,8
4431,8
4432,8
4433,8
4434,8
4435,8
4436,8
4437,8
4438,8
4439,8
4440,8
4441,8
4442,8
4443,8
4444,8
4445,8
4446,8
4447,8
4448,8
4449,8
4450,8
4451,8
4452,8
4453,8
4454,8
4455,8
4456,8
4457,8
4458,8
4459,8
4460,8
4461,8
4462,8
4463,8
4464,8
4465,8
4466,8
4467,8
4468,8
4469,8
4470,8
4471,8
4472,8
4473,8
4474,8
4475,8
4476,8
4477,8
4478,8
4479,8
4480,8
4481,8
4482,8
4483,8
4484,8
4485,8
4486,8
4487,8
4488,8
4489,8
4490,8
4491,8
4492,8
4493,8
4494,8
4495,8
4496,8
4497,8
4498,8
4499,8
4500,8
4501,8
4502,8
4503,8
4504,8
4505,8
4506,8
4507,8
4508,8
4509,8
4510,8
4511,8
4512,8
4513,8
4514,8
4515,8
4516,8
4517,8
4518,8
4519,8
4520,8
4521,8
4522,8
4523,8
4524,8
4525,8
4526,8
4527,8
4528,8
4529,8
4530,8
4531,8
4532,8
4533,8
4534,8
4535,8
4536,8
4537,8
4538,8
4539,7
4540,7
4541,7
4542,7
4543,7
4544,7
4545,7
4546,7
4547,7
4548,7
4549,7
4550,7
4551,7
4552,7
4553,7
4554,7
4555,7
4556,7
4557,7
4558,7
4559,7
4560,7
4561,7
4562,7
4563,7
4564,7
4565,7
4566,7
4567,7
4568,7
4569,7
4570,7
4571,7
4572,7
4573,7
4574,7
4575,7
4576,7
4577,7
4578,7
4579,7
4580,7
4581,7
4582,7
4583,7
4584,7
4585,7
4586,7
4587,7
4588,7
4589,7
4590,7
4591,7
4592,7
4593,7
4594,7
4595,7
4596,7
4597,7
4598,7
4599,7
4600,7
4601,7
4602,7
4603,7
4604,7
4605,7
4606,7
4607,7
4608,7
4609,7
4610,7
4611,7
4612,7
4613,7
4614,7
4615,7
4616,7
4617,7
4618,7
4619,7
4620,7
4621,7
4622,7
4623,7
4624,7
4625,7
4626,7
4627,7
4628,7
4629,7
4630,7
4631,7
4632,7
4633,7
4634,7
4635,7
4636,7
4637,7
4638,7
4639,7
4640,7
4641,7
4642,7
4643,7
4644,7
4645,7
4646,7
4647,7
4648,7
4649,7
4650,7
4651,7
4652,7
4653,7
4654,7
4655,7
4656,7
4657,7
4658,7
4659,7
4660,7
4661,7
4662,7
4663,7
4664,7
4665,7
4666,7
4667,7
4668,7
4669,7
4670,7
4671,7
4672,7
4673,7
4674,7
4675,7
4676,7
4677,7
4678,7
4679,7
4680,7
4681,7
4682,7
4683,7
4684,7
4685,7
4686,7
4687,7
4688,7
4689,7
4690,7
4691,7
4692,7
4693,7
4694,7
4695,7
4696,7
4697,7
4698,7
4699,7
4700,7
4701,7
4702,7
4703,7
4704,7
4705,7
4706,7
4707,7
4708,7
4709,7
4710,7
4711,7
4712,7
4713,7
4714,7
4715,7
4716,7
4717,7
4718,7
4719,7
4720,7
4721,7
4722,7
4723,7
4724,7
4725,7
4726,7
4727,7
4728,7
4729,7
4730,7
4731,7
4732,7
4733,7
4734,7
4735,7
4736,7
4737,7
4738,7
4739,7
4740,7
4741,7
4742,7
4743,7
4744,7
4745,7
4746,7
4747,7
4748,7
4749,7
4750,7
4751,7
4752,7
4753,7
4754,7
4755,7
4756,7
4757,7
4758,7
4759,7
4760,7
4761,7
4762,7
4763,7
4764,7
4765,7
4766,7
4767,7
4768,7
4769,7
4770,7
4771,7
4772,7
4773,7
4774,7
4775,7
4776,7
4777,7
4778,7
4779,7
4780,7
4781,7
4782,7
4783,7
4784,7
4785,7
4786,7
4787,7
4788,7
4789,7
4790,7
4791,7
4792,7
4793,7
4794,7
4795,7
4796,7
4797,7
4798,7
4799,7
4800,7
4801,7
4802,7
4803,7
4804,7
4805,7
4806,7
4807,7
4808,7
4809,7
4810,7
4811,7
4812,7
4813,7
4814,7
4815,7
4816,7
4817,7
4818,7
4819,7
4820,7
4821,7
4822,7
4823,7
4824,7
4825,7
4826,7
4827,7
4828,7
4829,7
4830,7
4831,7
4832,7
4833,7
4834,7
4835,7
4836,7
4837,7
4838,7
4839,7
4840,7
4841,7
4842,7
4843,7
4844,7
4845,7
4846,7
4847,7
4848,7
4849,7
4850,7
4851,7
4852,7
4853,7
4854,7
4855,7
4856,7
4857,7
4858,7
4859,7
4860,7
4861,7
4862,7
4863,7
4864,7
4865,7
4866,7
4867,7
4868,7
4869,7
4870,7
4871,7
4872,7
4873,7
4874,7
4875,7
4876,7
4877,7
4878,7
4879,7
4880,7
4881,7
4882,7
4883,7
4884,7
4885,7
4886,7
4887,7
4888,7
4889,7
4890,7
4891,7
4892,7
4893,7
4894,7
4895,7
4896,7
4897,7
4898,7
4899,7
4900,7
4901,7
4902,7
4903,7
4904,7
4905,7
4906,7
4907,7
4908,7
4909,7
4910,7
4911,7
4912,7
4913,7
4914,7
4915,7
4916,7
4917,7
4918,7
4919,7
4920,7
4921,7
4922,7
4923,7
4924,7
4925,7
4926,7
4927,7
4928,7
4929,7
4930,7
4931,7
4932,7
4933,7
4934,7
4935,7
4936,7
4937,7
4938,7
4939,7
4940,7
4941,7
4942,7
4943,7
4944,7
4945,7
4946,7
4947,7
4948,7
4949,7
4950,7
4951,7
4952,7
4953,7
4954,7
4955,7
4956,7
4957,7
4958,7
4959,7
4960,7
4961,7
4962,7
4963,7
4964,7
4965,7
4966,7
4967,7
4968,7
4969,7
4970,7
4971,7
4972,7
4973,7
4974,7
4975,7
4976,7
4977,7
4978,7
4979,7
4980,7
4981,7
4982,7
4983,7
4984,7
4985,7
4986,7
4987,7
4988,7
4989,7
4990,7
4991,7
4992,7
4993,7
4994,7
4995,7
4996,7
4997,7
4998,7
4999,7
5000,7
5001,7
5002,7
5003,7
5004,7
5005,7
5006,7
5007,7
5008,7
5009,7
5010,7
5011,7
5012,7
5013,7
5014,7
5015,7
5016,7
5017,7
5018,7
5019,7
5020,7
5021,7
5022,7
5023,7
5024,7
5025,7
5026,7
5027,7
5028,7
5029,7
5030,7
5031,7
5032,7
5033,7
5034,7
5035,7
5036,7
5037,7
5038,7
5039,7
5040,7
5041,7
5042,7
5043,6
5044,6
5045,6
5046,6
5047,6
5048,6
5049,6
5050,6
5051,6
5052,6
5053,6
5054,6
5055,6
5056,6
5057,6
5058,6
5059,6
5060,6
5061,6
5062,6
5063,6
5064,6
5065,6
5066,6
5067,6
5068,6
5069,6
5070,6
5071,6
5072,6
5073,6
5074,6
5075,6
5076,6
5077,6
5078,6
5079,6
5080,6
5081,6
5082,6
5083,6
5084,6
5085,6
5086,6
5087,6
5088,6
5089,6
5090,6
5091,6
5092,6
5093,6
5094,6
5095,6
5096,6
5097,6
5098,6
5099,6
5100,6
5101,6
5102,6
5103,6
5104,6
5105,6
5106,6
5107,6
5108,6
5109,6
5110,6
5111,6
5112,6
5113,6
5114,6
5115,6
5116,6
5117,6
5118,6
5119,6
5120,6
5121,6
5122,6
5123,6
5124,6
5125,6
5126,6
5127,6
5128,6
5129,6
5130,6
5131,6
5132,6
5133,6
5134,6
5135,6
5136,6
5137,6
5138,6
5139,6
5140,6
5141,6
5142,6
5143,6
5144,6
5145,6
5146,6
5147,6
5148,6
5149,6
5150,6
5151,6
5152,6
5153,6
5154,6
5155,6
5156,6
5157,6
5158,6
5159,6
5160,6
5161,6
5162,6
5163,6
5164,6
5165,6
5166,6
5167,6
5168,6
5169,6
5170,6
5171,6
5172,6
5173,6
5174,6
5175,6
5176,6
5177,6
5178,6
5179,6
5180,6
5181,6
5182,6
5183,6
5184,6
5185,6
5186,6
5187,6
5188,6
5189,6
5190,6
5191,6
5192,6
5193,6
5194,6
5195,6
5196,6
5197,6
5198,6
5199,6
5200,6
5201,6
5202,6
5203,6
5204,6
5205,6
5206,6
5207,6
5208,6
5209,6
5210,6
5211,6
5212,6
5213,6
5214,6
5215,6
5216,6
5217,6
5218,6
5219,6
5220,6
5221,6
5222,6
5223,6
5224,6
5225,6
5226,6
5227,6
5228,6
5229,6
5230,6
5231,6
5232,6
5233,6
5234,6
5235,6
5236,6
5237,6
5238,6
5239,6
5240,6
5241,6
5242,6
5243,6
5244,6
5245,6
5246,6
5247,6
5248,6
5249,6
5250,6
5251,6
5252,6
5253,6
5254,6
5255,6
5256,6
5257,6
5258,6
5259,6
5260,6
5261,6
5262,6
5263,6
5264,6
5265,6
5266,6
5267,6
5268,6
5269,6
5270,6
5271,6
5272,6
5273,6
5274,6
5275,6
5276,6
5277,6
5278,6
5279,6
5280,6
5281,6
5282,6
5283,6
5284,6
5285,6
5286,6
5287,6
5288,6
5289,6
5290,6
5291,6
5292,6
5293,6
5294,6
5295,6
5296,6
5297,6
5298,6
5299,6
5300,6
5301,6
5302,6
5303,6
5304,6
5305,6
5306,6
5307,6
5308,6
5309,6
5310,6
5311,6
5312,6
5313,6
5314,6
5315,6
5316,6
5317,6
5318,6
5319,6
5320,6
5321,6
5322,6
5323,6
5324,6
5325,6
5326,6
5327,6
5328,6
5329,6
5330,6
5331,6
5332,6
5333,6
5334,6
5335,6
5336,6
5337,6
5338,6
5339,6
5340,6
5341,6
5342,6
5343,6
5344,6
5345,6
5346,6
5347,6
5348,6
5349,6
5350,6
5351,6
5352,6
5353,6
5354,6
5355,6
5356,6
5357,6
5358,6
5359,6
5360,6
5361,6
5362,6
5363,6
5364,6
5365,6
5366,6
5367,6
5368,6
5369,6
5370,6
5371,6
5372,6
5373,6
5374,6
5375,6
5376,6
5377,6
5378,6
5379,6
5380,6
5381,6
5382,6
5383,6
5384,6
5385,6
5386,6
5387,6
5388,6
5389,6
5390,6
5391,6
5392,6
5393,6
5394,6
5395,6
5396,6
5397,6
5398,6
5399,6
5400,6
5401,6
5402,6
5403,6
5404,6
5405,6
5406,6
5407,6
5408,6
5409,6
5410,6
5411,6
5412,6
5413,6
5414,6
5415,6
5416,6
5417,6
5418,6
5419,6
5420,6
5421,6
5422,6
5423,6
5424,6
5425,6
5426,6
5427,6
5428,6
5429,6
5430,6
5431,6
5432,6
5433,6
5434,6
5435,6
5436,6
5437,6
5438,6
5439,6
5440,6
5441,6
5442,6
5443,6
5444,6
5445,6
5446,6
5447,6
5448,6
5449,6
5450,6
5451,6
5452,6
5453,6
5454,6
5455,6
5456,6
5457,6
5458,6
5459,6
5460,6
5461,6
5462,6
5463,6
5464,6
5465,6
5466,6
5467,6
5468,6
5469,6
5470,6
5471,6
5472,6
5473,6
5474,6
5475,6
5476,6
5477,6
5478,6
5479,6
5480,6
5481,6
5482,6
5483,6
5484,6
5485,6
5486,6
5487,6
5488,6
5489,6
5490,6
5491,6
5492,6
5493,6
5494,6
5495,6
5496,6
5497,6
5498,6
5499,6
5500,6
5501,6
5502,6
5503,6
5504,6
5505,6
5506,6
5507,6
5508,6
5509,6
5510,6
5511,6
5512,6
5513,6
5514,6
5515,6
5516,6
5517,6
5518,6
5519,6
5520,6
5521,6
5522,6
5523,6
5524,6
5525,6
5526,6
5527,6
5528,6
5529,6
5530,6
5531,6
5532,6
5533,6
5534,6
5535,6
5536,6
5537,6
5538,6
5539,6
5540,4
5541,4
5542,4
5543,4
5544,4
5545,4
5546,4
5547,3
5548,3
5549,3
5550,3
5551,3
5552,3
5553,3
5554,3
5555,3
5556,3
5557,3
5558,3
5559,3
5560,3
5561,3
5562,3
5563,3
5564,3
5565,3
5566,3
5567,3
5568,3
5569,3
5570,3
5571,3
5572,3
5573,3
5574,3
5575,3
5576,3
5577,3
5578,3
5579,3
5580,3
5581,3
5582,3
5583,3
5584,3
5585,3
5586,3
5587,3
5588,3
5589,3
5590,3
5591,3
5592,3
5593,3
5594,3
5595,3
5596,3
5597,3
5598,3
5599,3
5600,3
5601,3
5602,3
5603,3
5604,3
5605,3
5606,3
5607,3
5608,3
5609,3
5610,3
5611,3
5612,3
5613,3
5614,3
5615,3
5616,3
5617,3
5618,3
5619,3
5620,3
5621,3
5622,3
5623,3
5624,3
5625,3
5626,3
5627,3
5628,3
5629,3
5630,3
5631,3
5632,3
5633,3
5634,3
5635,3
5636,3
5637,3
5638,3
5639,3
5640,3
5641,3
5642,3
5643,3
5644,3
5645,3
5646,3
5647,3
5648,3
5649,3
5650,3
5651,3
5652,3
5653,3
5654,3
5655,3
5656,3
5657,3
5658,3
5659,3
5660,3
5661,3
5662,3
5663,3
5664,3
5665,3
5666,3
5667,3
5668,3
5669,3
5670,3
5671,3
5672,3
5673,3
5674,3
5675,3
5676,3
5677,3
5678,3
5679,3
5680,3
5681,3
5682,3
5683,3
5684,3
5685,3
5686,3
5687,3
5688,3
5689,3
5690,3
5691,3
5692,3
5693,3
5694,3
5695,3
5696,3
5697,3
5698,3
5699,3
5700,3
5701,3
5702,3
5703,3
5704,3
5705,3
5706,3
5707,3
5708,3
5709,3
5710,3
5711,3
5712,3
5713,3
5714,3
5715,3
5716,3
5717,3
5718,3
5719,3
5720,3
5721,3
5722,3
5723,3
5724,3
5725,3
5726,3
5727,3
5728,3
5729,3
5730,3
5731,3
5732,3
5733,2
5734,2
5735,2
5736,2
5737,2
5738,2
5739,2
5740,2
5741,2
5742,2
5743,2
5744,2
5745,2
5746,2
5747,2
5748,2
5749,2
5750,2
5751,2
5752,2
5753,2
5754,2
5755,2
5756,2
5757,2
5758,2
5759,2
5760,2
5761,2
5762,2
5763,2
5764,2
5765,2
5766,2
5767,2
5768,2
5769,2
5770,2
5771,2
5772,2
5773,2
5774,2
5775,2
5776,2
5777,2
5778,2
5779,2
5780,2
5781,2
5782,2
5783,2
5784,2
5785,2
5786,2
5787,2
5788,2
5789,2
5790,2
5791,2
5792,2
5793,2
5794,2
5795,2
5796,2
5797,2
5798,2
5799,2
5800,2
5801,2
5802,2
5803,2
5804,2
5805,2
5806,2
5807,2
5808,2
5809,2
5810,2
5811,2
5812,2
5813,2
5814,2
5815,2
5816,2
5817,2
5818,2
5819,2
5820,2
5821,2
5822,2
5823,2
5824,2
5825,2
5826,2
5827,2
5828,2
5829,2
5830,2
5831,2
5832,2
5833,2
5834,2
5835,2
5836,2
5837,2
5838,2
5839,2
5840,2
5841,2
5842,2
5843,2
5844,2
5845,2
5846,2
5847,2
5848,2
5849,2
5850,2
5851,2
5852,2
5853,2
5854,2
5855,2
5856,2
5857,2
5858,2
5859,2
5860,2
5861,2
5862,2
5863,2
5864,2
5865,2
5866,2
5867,2
5868,2
5869,2
5870,2
5871,2
5872,2
5873,2
5874,2
5875,2
5876,2
5877,2
5878,2
5879,2
5880,2
5881,2
5882,2
5883,2
5884,2
5885,2
5886,2
5887,2
5888,2
5889,2
5890,2
5891,2
5892,2
5893,2
5894,2
5895,2
5896,2
5897,2
5898,2
5899,2
5900,2
5901,2
5902,2
5903,2
5904,2
5905,2
5906,2
5907,2
5908,2
5909,2
5910,2
5911,2
5912,2
5913,2
5914,2
5915,2
5916,2
5917,2
5918,2
5919,2
5920,2
5921,2
5922,2
5923,2
5924,2
5925,2
5926,2
5927,2
5928,2
5929,2
5930,2
5931,2
5932,2
5933,2
5934,2
5935,2
5936,2
5937,2
5938,2
5939,2
5940,2
5941,2
5942,2
5943,2
5944,2
5945,2
5946,2
5947,2
5948,2
5949,2
5950,2
5951,2
5952,2
5953,2
5954,2
5955,2
5956,2
5957,2
5958,2
5959,2
5960,2
5961,2
5962,2
5963,2
5964,2
5965,2
5966,2
5967,2
5968,2
5969,2
5970,2
5971,2
5972,2
5973,2
5974,2
5975,2
5976,2
5977,2
5978,2
5979,2
5980,2
5981,2
5982,2
5983,2
5984,2
5985,2
5986,2
5987,2
5988,2
5989,2
5990,2
5991,2
5992,2
5993,2
5994,2
5995,2
5996,2
5997,2
5998,2
5999,2
6000,2
6001,2
6002,2
6003,2
6004,2
6005,2
6006,2
6007,2
6008,2
6009,2
6010,2
6011,2
6012,2
6013,2
6014,2
6015,2
6016,2
6017,2
6018,2
6019,2
6020,2
6021,2
6022,2
6023,2
6024,2
6025,2
6026,2
6027,2
6028,2
6029,2
6030,2
6031,2
6032,2
6033,2
6034,2
6035,2
6036,2
6037,2
6038,2
6039,2
6040,2
6041,2
6042,2
6043,2
6044,2
6045,2
6046,2
6047,2
6048,2
6049,1
6050,1
6051,1
6052,1
6053,1
6054,1
6055,1
6056,1
6057,1
6058,1
6059,1
6060,1
6061,1
6062,1
6063,1
6064,1
6065,1
6066,1
6067,1
6068,1
6069,1
6070,1
6071,1
6072,1
6073,1
6074,1
6075,1
6076,1
6077,1
6078,1
6079,1
6080,1
6081,1
6082,1
6083,1
6084,1
6085,1
6086,1
6087,1
6088,1
6089,1
6090,1
6091,1
6092,1
6093,1
6094,1
6095,1
6096,1
6097,1
6098,1
6099,1
6100,1
6101,1
6102,1
6103,1
6104,1
6105,1
6106,1
6107,1
6108,1
6109,1
6110,1
6111,1
6112,1
6113,1
6114,1
6115,1
6116,1
6117,1
6118,1
6119,1
6120,1
6121,1
6122,1
6123,1
6124,1
6125,1
6126,1
6127,1
6128,1
6129,1
6130,1
6131,1
6132,1
6133,1
6134,1
6135,1
6136,1
6137,1
6138,1
6139,1
6140,1
6141,1
6142,1
6143,1
6144,1
6145,1
6146,1
6147,1
6148,1
6149,1
6150,1
6151,1
6152,1
6153,1
6154,1
6155,1
6156,1
6157,1
6158,1
6159,1
6160,1
6161,1
6162,1
6163,1
6164,1
6165,1
6166,1
6167,1
6168,1
6169,1
6170,1
6171,1
6172,1
6173,1
6174,1
6175,1
6176,1
6177,1
6178,1
6179,1
6180,1
6181,1
6182,1
6183,1
6184,1
6185,1
6186,1
6187,1
6188,1
6189,1
6190,1
6191,1
6192,1
6193,1
6194,1
6195,1
6196,1
6197,1
6198,1
6199,1
6200,1
6201,1
6202,1
6203,1
6204,1
6205,1
6206,1
6207,1
6208,1
6209,1
6210,1
6211,1
6212,1
6213,1
6214,1
6215,1
6216,1
6217,1
6218,1
6219,1
6220,1
6221,1
6222,1
6223,1
6224,1
6225,1
6226,1
6227,1
6228,1
6229,1
6230,1
6231,1
6232,1
6233,1
6234,1
6235,1
6236,1
6237,1
6238,1
6239,1
6240,1
6241,1
6242,1
6243,1
6244,1
6245,1
6246,1
6247,1
6248,1
6249,1
6250,1
6251,1
6252,1
6253,1
6254,1
6255,1
6256,1
6257,1
6258,1
6259,1
6260,1
6261,1
6262,1
6263,1
6264,1
6265,1
6266,1
6267,1
6268,1
6269,1
6270,1
6271,1
6272,1
6273,1
6274,1
6275,1
6276,1
6277,1
6278,1
6279,1
6280,1
6281,1
6282,1
6283,1
6284,1
6285,1
6286,1
6287,1
6288,1
6289,1
6290,1
6291,1
6292,1
6293,1
6294,1
6295,1
6296,1
6297,1
6298,1
6299,1
6300,1
6301,1
6302,1
6303,1
6304,1
6305,1
6306,1
6307,1
6308,1
6309,1
6310,1
6311,1
6312,1
6313,1
6314,1
6315,1
6316,1
6317,1
6318,1
6319,1
6320,1
6321,1
6322,1
6323,1
6324,1
6325,1
6326,1
6327,1
6328,1
6329,1
6330,1
6331,1
6332,1
6333,1
6334,1
6335,1
6336,1
6337,1
6338,1
6339,1
6340,1
6341,1
6342,1
6343,1
6344,1
6345,1
6346,1
6347,1
6348,1
6349,1
6350,1
6351,1
6352,1
6353,1
6354,1
6355,1
6356,1
6357,1
6358,1
6359,1
6360,1
6361,1
6362,1
6363,1
6364,1
6365,1
6366,1
6367,1
6368,1
6369,1
6370,1
6371,1
6372,1
6373,1
6374,1
6375,1
6376,1
6377,1
6378,1
6379,1
6380,1
6381,1
6382,1
6383,1
6384,1
6385,1
6386,1
6387,1
6388,1
6389,1
6390,1
6391,1
6392,1
6393,1
6394,1
6395,1
6396,1
6397,1
6398,1
6399,1
6400,1
6401,1
6402,1
6403,1
6404,1
6405,1
6406,1
6407,1
6408,1
6409,1
6410,1
6411,1
6412,1
6413,1
6414,1
6415,1
6416,1
6417,1
6418,1
6419,1
6420,1
6421,1
6422,1
6423,1
6424,1
6425,1
6426,1
6427,1
6428,1
6429,1
6430,1
6431,1
6432,1
6433,1
6434,1
6435,1
6436,1
6437,1
6438,1
6439,1
6440,1
6441,1
6442,1
6443,1
6444,1
6445,1
6446,1
6447,1
6448,1
6449,1
6450,1
6451,1
6452,1
6453,1
6454,1
6455,1
6456,1
6457,1
6458,1
6459,1
6460,1
6461,1
6462,1
6463,1
6464,1
6465,1
6466,1
6467,1
6468,1
6469,1
6470,1
6471,1
6472,1
6473,1
6474,1
6475,1
6476,1
6477,1
6478,1
6479,1
6480,1
6481,1
6482,1
6483,1
6484,1
6485,1
6486,1
6487,1
6488,1
6489,1
6490,1
6491,1
6492,1
6493,1
6494,1
6495,1
6496,1
6497,1
6498,1
6499,1
6500,1
6501,1
6502,1
6503,1
6504,1
6505,1
6506,1
6507,1
6508,1
6509,1
6510,1
6511,1
6512,1
6513,1
6514,1
6515,1
6516,1
6517,1
6518,1
6519,1
6520,1
6521,1
6522,1
6523,1
6524,1
6525,1
6526,1
6527,1
6528,1
6529,1
6530,1
6531,1
6532,1
6533,1
6534,1
6535,1
6536,1
6537,1
6538,1
6539,1
6540,1
6541,1
6542,1
6543,1
6544,1
6545,1
6546,1
6547,1
6548,1
6549,1
6550,1
6551,1
6552,1
6553,1
6554,1
6555,1
6556,1
6557,1
6558,1
6559,1
6560,1
6561,1
6562,1
6563,1
6564,1
6565,1
6566,1
6567,1
6568,1
6569,1
6570,1
6571,1
6572,1
6573,1
6574,1
6575,1
6576,1
6577,1
6578,1
6579,1
6580,1
6581,1
6582,1
6583,1
6584,1
6585,1
6586,1
6587,1
6588,1
6589,1
6590,1
6591,1
6592,1
6593,1
6594,1
6595,1
6596,1
6597,1
6598,1
6599,1
6600,1
6601,1
6602,1
6603,1
6604,1
6605,1
6606,1
6607,1
6608,1
6609,1
6610,1
6611,1
6612,1
6613,1
6614,1
6615,1
6616,1
6617,1
6618,1
6619,1
6620,1
6621,1
6622,1
6623,1
6624,1
6625,1
6626,1
6627,1
6628,1
6629,1
6630,1
6631,1
6632,1
6633,1
6634,1
6635,1
6636,1
6637,1
6638,1
6639,1
6640,1
6641,1
6642,1
6643,1
6644,1
6645,1
6646,1
6647,1
6648,1
6649,1
6650,1
6651,1
6652,1
6653,1
6654,1
6655,1
6656,1
6657,1
6658,1
6659,1
6660,1
6661,1
6662,1
6663,1
6664,1
6665,1
6666,1
6667,1
6668,1
6669,1
6670,1
6671,1
6672,1
6673,1
6674,1
6675,1
6676,1
6677,1
6678,1
6679,1
6680,1
6681,1
6682,1
6683,1
6684,1
6685,1
6686,1
6687,1
6688,1
6689,1
6690,1
6691,1
6692,1
6693,1
6694,1
6695,1
6696,1
6697,1
6698,1
6699,1
6700,1
6701,1
6702,1
6703,1
6704,1
6705,1
6706,1
6707,1
6708,1
6709,1
6710,1
6711,1
6712,1
6713,1
6714,1
6715,1
6716,1
6717,1
6718,1
6719,1
6720,1
6721,1
6722,1
6723,1
6724,1
6725,1
6726,1
6727,1
6728,1
6729,1
6730,1
6731,1
6732,1
6733,1
6734,1
6735,1
6736,1
6737,1
6738,1
6739,1
6740,1
6741,1
6742,1
6743,1
6744,1
6745,1
6746,1
6747,1
6748,1
6749,1
6750,1
6751,1
6752,1
6753,1
6754,1
6755,1
6756,1
6757,1
6758,1
6759,1
6760,1
6761,1
6762,1
6763,1
6764,1
6765,1
6766,1
6767,1
6768,1
6769,1
6770,1
6771,1
6772,1
6773,1
6774,1
6775,1
6776,1
6777,1
6778,1
6779,1
6780,1
6781,1
6782,1
6783,1
6784,1
6785,1
6786,1
6787,1
6788,1
6789,1
6790,1
6791,1
6792,1
6793,1
6794,1
6795,1
6796,1
6797,1
6798,1
6799,1
6800,1
6801,1
6802,1
6803,1
6804,1
6805,1
6806,1
6807,1
6808,1
6809,1
6810,1
6811,1
6812,1
6813,1
6814,1
6815,1
6816,1
6817,1
6818,1
6819,1
6820,1
6821,1
6822,1
6823,1
6824,1
6825,1
6826,1
6827,1
6828,1
6829,1
6830,1
6831,1
6832,1
6833,1
6834,1
6835,1
6836,1
6837,1
6838,1
6839,1
6840,1
6841,1
6842,1
6843,1
6844,1
6845,1
6846,1
6847,1
6848,1
6849,1
6850,1
6851,1
6852,1
6853,1
6854,1
6855,1
6856,1
6857,1
6858,1
6859,1
6860,1
6861,1
6862,1
6863,1
6864,1
6865,1
6866,1
6867,1
6868,1
6869,1
6870,1
6871,1
6872,1
6873,1
6874,1
6875,1
6876,1
6877,1
6878,1
6879,1
6880,1
6881,1
6882,1
6883,1
6884,1
6885,1
6886,1
6887,1
6888,1
6889,1
6890,1
6891,1
6892,1
6893,1
6894,1
6895,1
6896,1
6897,1
6898,1
6899,1
6900,1
6901,1
6902,1
6903,1
6904,1
6905,1
6906,1
6907,1
6908,1
6909,1
6910,1
6911,1
6912,1
6913,1
6914,1
6915,1
6916,1
6917,1
6918,1
6919,1
6920,1
6921,1
6922,1
6923,1
6924,1
6925,1
6926,1
6927,1
6928,1
6929,1
6930,1
6931,1
6932,1
6933,1
6934,1
6935,1
6936,1
6937,1
6938,1
6939,1
6940,1
6941,1
6942,1
6943,1
6944,1
6945,1
6946,1
6947,1
6948,1
6949,1
6950,1
6951,1
6952,1
6953,1
6954,1
6955,1
6956,1
6957,1
6958,1
6959,1
6960,1
6961,1
6962,1
6963,1
6964,1
6965,1
6966,1
6967,1
6968,1
6969,0
6970,0
6971,0
6972,0
6973,0
6974,0
6975,0
6976,0
6977,0
6978,0
6979,0
6980,0
6981,0
6982,0
6983,0
6984,0
6985,0
6986,0
6987,0
6988,0
6989,0
6990,0
6991,0
6992,0
6993,0
6994,0
6995,0
6996,0
6997,0
6998,0
6999,0
7000,0
7001,0
7002,0
7003,0
7004,0
7005,0
7006,0
7007,0
7008,0
7009,0
7010,0
7011,0
7012,0
7013,0
7014,0
7015,0
7016,0
7017,0
7018,0
7019,0
7020,0
7021,0
7022,0
7023,0
7024,0
7025,0
7026,0
7027,0
7028,0
7029,0
7030,0
7031,0
7032,0
7033,0
7034,0
7035,0
7036,0
7037,0
7038,0
7039,0
7040,0
7041,0
7042,0
7043,0
7044,0
7045,0
7046,0
7047,0
7048,0
7049,0
7050,0
7051,0
7052,0
7053,0
7054,0
7055,0
7056,0
7057,0
7058,0
7059,0
7060,0
7061,0
7062,0
7063,0
7064,0
7065,0
7066,0
7067,0
7068,0
7069,0
7070,0
7071,0
7072,0
7073,0
7074,0
7075,0
7076,0
7077,0
7078,0
7079,0
7080,0
7081,0
7082,0
7083,0
7084,0
7085,0
7086,0
7087,0
7088,0
7089,0
7090,0
7091,0
7092,0
7093,0
7094,0
7095,0
7096,0
7097,0
7098,0
7099,0
7100,0
7101,0
7102,0
7103,0
7104,0
7105,0
7106,0
7107,0
7108,0
7109,0
7110,0
7111,0
7112,0
7113,0
7114,0
7115,0
7116,0
7117,0
7118,0
7119,0
7120,0
7121,0
7122,0
7123,0
7124,0
7125,0
7126,0
7127,0
7128,0
7129,0
7130,0
7131,0
7132,0
7133,0
7134,0
7135,0
7136,0
7137,0
7138,0
7139,0
7140,0
7141,0
7142,0
7143,0
7144,0
7145,0
7146,0
7147,0
7148,0
7149,0
7150,0
7151,0
7152,0
7153,0
7154,0
7155,0
7156,0
7157,0
7158,0
7159,0
7160,0
7161,0
7162,0
7163,0
7164,0
7165,0
7166,0
7167,0
7168,0
7169,0
7170,0
7171,0
7172,0
7173,0
7174,0
7175,0
7176,0
7177,0
7178,0
7179,0
7180,0
7181,0
7182,0
7183,0
7184,0
7185,0
7186,0
7187,0
7188,0
7189,0
7190,0
7191,0
7192,0
7193,0
7194,0
7195,0
7196,0
7197,0
7198,0
7199,0
7200,0
7201,0
7202,0
7203,0
7204,0
7205,0
7206,0
7207,0
7208,0
7209,0
7210,0
7211,0
7212,0
7213,0
7214,0
7215,0
7216,0
7217,0
7218,0
7219,0
7220,0
7221,0
7222,0
7223,0
7224,0
7225,0
7226,0
7227,0
7228,0
7229,0
7230,0
7231,0
7232,0
7233,0
7234,0
7235,0
7236,0
7237,0
7238,0
7239,0
7240,0
7241,0
7242,0
7243,0
7244,0
7245,0
7246,0
7247,0
7248,0
7249,0
7250,0
7251,0
7252,0
7253,0
7254,0
7255,0
7256,0
7257,0
7258,0
7259,0
7260,0
7261,0
7262,0
7263,0
7264,0
7265,0
7266,0
7267,0
7268,0
7269,0
7270,0
7271,0
7272,0
7273,0
7274,0
7275,0
7276,0
7277,0
7278,0
7279,0
7280,0
7281,0
7282,0
7283,0
7284,0
7285,0
7286,0
7287,0
7288,0
7289,0
7290,0
7291,0
7292,0
7293,0
7294,0
7295,0
7296,0
7297,0
7298,0
7299,0
7300,0
7301,0
7302,0
7303,0
7304,0
7305,0
7306,0
7307,0
7308,0
7309,0
7310,0
7311,0
7312,0
7313,0
7314,0
7315,0
7316,0
7317,0
7318,0
7319,0
7320,0
7321,0
7322,0
7323,0
7324,0
7325,0
7326,0
7327,0
7328,0
7329,0
7330,0
7331,0
7332,0
7333,0
7334,0
7335,0
7336,0
7337,0
7338,0
7339,0
7340,0
7341,0
7342,0
7343,0
7344,0
7345,0
7346,0
7347,0
7348,0
7349,0
7350,0
7351,0
7352,0
7353,0
7354,0
7355,0
7356,0
7357,0
7358,0
7359,0
7360,0
7361,0
7362,0
7363,0
7364,0
7365,0
7366,0
7367,0
7368,0
7369,0
7370,0
7371,0
7372,0
7373,0
7374,0
7375,0
7376,0
7377,0
7378,0
7379,0
7380,0
7381,0
7382,0
7383,0
7384,0
7385,0
7386,0
7387,0
7388,0
7389,0
7390,0
7391,0
7392,0
7393,0
7394,0
7395,0
7396,0
7397,0
7398,0
7399,0
7400,0
7401,0
7402,0
7403,0
7404,0
7405,0
7406,0
7407,0
7408,0
7409,0
7410,0
7411,0
7412,0
7413,0
7414,0
7415,0
7416,0
7417,0
7418,0
7419,0
7420,0
7421,0
7422,0
7423,0
7424,0
7425,0
7426,0
7427,0
7428,0
7429,0
7430,0
7431,0
7432,0
7433,0
7434,0
7435,0
7436,0
7437,0
7438,0
7439,0
7440,0
7441,0
7442,0
7443,0
7444,0
7445,0
7446,0
7447,0
7448,0
7449,0
7450,0
7451,0
7452,0
7453,0
7454,0
7455,0
7456,0
7457,0
7458,0
7459,0
7460,0
7461,0
7462,0
7463,0
7464,0
7465,0
7466,0
7467,0
7468,0
7469,0
7470,0
7471,0
7472,0
7473,0
7474,0
7475,0
7476,0
7477,0
7478,0
7479,0
7480,0
7481,0
7482,0
7483,0
7484,0
7485,0
7486,0
7487,0
7488,0
7489,0
7490,0
7491,0
7492,0
7493,0
7494,0
7495,0
7496,0
7497,0
7498,0
7499,0
7500,0
7501,0
7502,0
7503,0
7504,0
7505,0
7506,0
7507,0
7508,0
7509,0
7510,0
7511,0
7512,0
7513,0
7514,0
7515,0
7516,0
7517,0
7518,0
7519,0
7520,0
7521,0
7522,0
7523,0
7524,0
7525,0
7526,0
7527,0
7528,0
7529,0
7530,0
7531,0
7532,0
7533,0
7534,0
7535,0
7536,0
7537,0
7538,0
7539,0
7540,0
7541,0
7542,0
7543,0
7544,0
7545,0
7546,0
7547,0
7548,0
7549,0
7550,0
7551,0
7552,0
7553,0
7554,0
7555,0
7556,0
7557,0
7558,0
7559,0
7560,0
7561,0
7562,0
7563,0
7564,0
7565,0
7566,0
7567,0
7568,0
7569,0
7570,0
7571,0
7572,0
7573,0
7574,0
7575,0
7576,0
7577,0
7578,0
7579,0
7580,0
7581,0
7582,0
7583,0
7584,0
7585,0
7586,0
7587,0
7588,0
7589,0
7590,0
7591,0
7592,0
7593,0
7594,0
7595,0
7596,0
7597,0
7598,0
7599,0
7600,0
7601,0
7602,0
7603,0
7604,0
7605,0
7606,0
7607,0
7608,0
7609,0
7610,0
7611,0
7612,0
7613,0
7614,0
7615,0
7616,0
7617,0
7618,0
7619,0
7620,0
7621,0
7622,0
7623,0
7624,0
7625,0
7626,0
7627,0
7628,0
7629,0
7630,0
7631,0
7632,0
7633,0
7634,0
7635,0
7636,0
7637,0
7638,0
7639,0
7640,0
7641,0
7642,0
7643,0
7644,0
7645,0
7646,0
7647,0
7648,0
7649,0
7650,0
7651,0
7652,0
7653,0
7654,0
7655,0
7656,0
7657,0
7658,0
7659,0
7660,0
7661,0
7662,0
7663,0
7664,0
7665,0
7666,0
7667,0
7668,0
7669,0
7670,0
7671,0
7672,0
7673,0
7674,0
7675,0
7676,0
7677,0
7678,0
7679,0
7680,0
7681,0
7682,0
7683,0
7684,0
7685,0
7686,0
7687,0
7688,0
7689,0
7690,0
7691,0
7692,0
7693,0
7694,0
7695,0
7696,0
7697,0
7698,0
7699,0
7700,0
7701,0
7702,0
7703,0
7704,0
7705,0
7706,0
7707,0
7708,0
7709,0
7710,0
7711,0
7712,0
7713,0
7714,0
7715,0
7716,0
7717,0
7718,0
7719,0
7720,0
7721,0
7722,0
7723,0
7724,0
7725,0
7726,0
7727,0
7728,0
7729,0
7730,0
7731,0
7732,0
7733,0
7734,0
7735,0
7736,0
7737,0
7738,0
7739,0
7740,0
7741,0
7742,0
7743,0
7744,0
7745,0
7746,0
7747,0
7748,0
7749,0
7750,0
7751,0
7752,0
7753,0
7754,0
7755,0
7756,0
7757,0
7758,0
7759,0
7760,0
7761,0
7762,0
7763,0
7764,0
7765,0
7766,0
7767,0
7768,0
7769,0
7770,0
7771,0
7772,0
7773,0
7774,0
7775,0
7776,0
7777,0
7778,0
7779,0
7780,0
7781,0
7782,0
7783,0
7784,0
7785,0
7786,0
7787,0
7788,0
7789,0
7790,0
7791,0
7792,0
7793,0
7794,0
7795,0
7796,0
7797,0
7798,0
7799,0
7800,0
7801,0
7802,0
7803,0
7804,0
7805,0
7806,0
7807,0
7808,0
7809,0
7810,0
7811,0
7812,0
7813,0
7814,0
7815,0
7816,0
7817,0
7818,0
7819,0
7820,0
7821,0
7822,0
7823,0
7824,0
7825,0
7826,0
7827,0
7828,0
7829,0
7830,0
7831,0
7832,0
7833,0
7834,0
7835,0
7836,0
7837,0
7838,0
7839,0
7840,0
7841,0
7842,0
7843,0
7844,0
7845,0
7846,0
7847,0
7848,0
7849,0
7850,0
7851,0
7852,0
7853,0
7854,0
7855,0
7856,0
7857,0
7858,0
7859,0
7860,0
7861,0
7862,0
7863,0
7864,0
7865,0
7866,0
7867,0
7868,0
7869,0
7870,0
7871,0
7872,0
7873,0
7874,0
7875,0
7876,0
7877,0
7878,0
7879,0
7880,0
7881,0
7882,0
7883,0
7884,0
7885,0
7886,0
7887,0
7888,0
7889,0
7890,0
7891,0
7892,0
7893,0
7894,0
7895,0
7896,0
7897,0
7898,0
7899,0
7900,0
7901,0
7902,0
7903,0
7904,0
7905,0
7906,0
7907,0
7908,0
7909,0
7910,0
7911,0
7912,0
7913,0
7914,0
7915,0
7916,0
7917,0
7918,0
7919,0
7920,0
7921,0
7922,0
7923,0
7924,0
7925,0
7926,0
7927,0
7928,0
7929,0
7930,0
7931,0
7932,0
7933,0
7934,0
7935,0
7936,0
7937,0
7938,0
7939,0
7940,0
7941,0
7942,0
7943,0
7944,0
7945,0
7946,0
7947,0
7948,0
7949,0
7950,0
7951,0
7952,0
7953,0
7954,0
7955,0
7956,0
7957,0
7958,0
7959,0
7960,0
7961,0
7962,0
7963,0
7964,0
7965,0
7966,0
7967,0
7968,0
7969,0
7970,0
7971,0
7972,0
7973,0
7974,0
7975,0
7976,0
7977,0
7978,0
7979,0
7980,0
7981,0
7982,0
7983,0
7984,0
7985,0
7986,0
7987,0
7988,0
7989,0
7990,0
7991,0
7992,0
7993,0
7994,0
7995,0
7996,0
7997,0
7998,0
7999,0
8000,0
8001,0
8002,0
8003,0
8004,0
8005,0
8006,0
8007,0
8008,0
8009,0
8010,0
8011,0
8012,0
8013,0
8014,0
8015,0
8016,0
8017,0
8018,0
8019,0
8020,0
8021,0
8022,0
8023,0
8024,0
8025,0
8026,0
8027,0
8028,0
8029,0
8030,0
8031,0
8032,0
8033,0
8034,0
8035,0
8036,0
8037,0
8038,0
8039,0
8040,0
8041,0
8042,0
8043,0
8044,0
8045,0
8046,0
8047,0
8048,0
8049,0
8050,0
8051,0
8052,0
8053,0
8054,0
8055,0
8056,0
8057,0
8058,0
8059,0
8060,0
8061,0
8062,0
8063,0
8064,0
8065,0
8066,0
8067,0
8068,0
8069,0
8070,0
8071,0
8072,0
8073,0
8074,0
8075,0
8076,0
8077,0
8078,0
8079,0
8080,0
8081,0
8082,0
8083,0
8084,0
8085,0
8086,0
8087,0
8088,0
8089,0
8090,0
8091,0
8092,0
8093,0
8094,0
8095,0
8096,0
8097,0
8098,0
8099,0
8100,0
8101,0
8102,0
8103,0
8104,0
8105,0
8106,0
8107,0
8108,0
8109,0
8110,0
8111,0
8112,0
8113,0
8114,0
8115,0
8116,0
8117,0
8118,0
8119,0
8120,0
8121,0
8122,0
8123,0
8124,0
8125,0
8126,0
8127,0
8128,0
8129,0
8130,0
8131,0
8132,0
8133,0
8134,0
8135,0
8136,0
8137,0
8138,0
8139,0
8140,0
8141,0
8142,0
8143,0
8144,0
8145,0
8146,0
8147,0
8148,0
8149,0
8150,0
8151,0
8152,0
8153,0
8154,0
8155,0
8156,0
8157,0
8158,0
8159,0
8160,0
8161,0
8162,0
8163,0
8164,0
8165,0
8166,0
8167,0
8168,0
8169,0
8170,0
8171,0
8172,0
8173,0
8174,0
8175,0
8176,0
8177,0
8178,0
8179,0
8180,0
8181,0
8182,0
8183,0
8184,0
8185,0
8186,0
8187,0
8188,0
8189,0
8190,0
8191,0
8192,0
8193,0
8194,0
8195,0
8196,0
8197,0
8198,0
8199,0
8200,0
8201,0
8202,0
8203,0
8204,0
8205,0
8206,0
8207,0
8208,0
8209,0
8210,0
8211,0
8212,0
8213,0
8214,0
8215,0
8216,0
8217,0
8218,0
8219,0
8220,0
8221,0
8222,0
8223,0
8224,0
8225,0
8226,0
8227,0
8228,0
8229,0
8230,0
8231,0
8232,0
8233,0
8234,0
8235,0
8236,0
8237,0
8238,0
8239,0
8240,0
8241,0
8242,0
8243,0
8244,0
8245,0
8246,0
8247,0
8248,0
8249,0
8250,0
8251,0
8252,0
8253,0
8254,0
8255,0
8256,0
8257,0
8258,0
8259,0
8260,0
8261,0
8262,0
8263,0
8264,0
8265,0
8266,0
8267,0
8268,0
8269,0
8270,0
8271,0
8272,0
8273,0
8274,0
8275,0
8276,0
8277,0
8278,0
8279,0
8280,0
8281,0
8282,0
8283,0
8284,0
8285,0
8286,0
8287,0
8288,0
8289,0
8290,0
8291,0
8292,0
8293,0
8294,0
8295,0
8296,0
8297,0
8298,0
8299,0
8300,0
8301,0
8302,0
8303,0
8304,0
8305,0
8306,0
8307,0
8308,0
8309,0
8310,0
8311,0
8312,0
8313,0
8314,0
8315,0
8316,0
8317,0
8318,0
8319,0
8320,0
8321,0
8322,0
8323,0
8324,0
8325,0
8326,0
8327,0
8328,0
8329,0
8330,0
8331,0
8332,0
8333,0
8334,0
8335,0
8336,0
8337,0
8338,0
8339,0
8340,0
8341,0
8342,0
8343,0
8344,0
8345,0
8346,0
8347,0
8348,0
8349,0
8350,0
8351,0
8352,0
8353,0
8354,0
8355,0
8356,0
8357,0
8358,0
8359,0
8360,0
8361,0
8362,0
8363,0
8364,0
8365,0
8366,0
8367,0
8368,0
8369,0
8370,0
8371,0
8372,0
8373,0
8374,0
8375,0
8376,0
8377,0
8378,0
8379,0
8380,0
8381,0
8382,0
8383,0
8384,0
8385,0
8386,0
8387,0
8388,0
8389,0
8390,0
8391,0
8392,0
8393,0
8394,0
8395,0
8396,0
8397,0
8398,0
8399,0
8400,0
8401,0
8402,0
8403,0
8404,0
8405,0
8406,0
8407,0
8408,0
8409,0
8410,0
8411,0
8412,0
8413,0
8414,0
8415,0
8416,0
8417,0
8418,0
8419,0
8420,0
8421,0
8422,0
8423,0
8424,0
8425,0
8426,0
8427,0
8428,0
8429,0
8430,0
8431,0
8432,0
8433,0
8434,0
8435,0
8436,0
8437,0
8438,0
8439,0
8440,0
8441,0
8442,0
8443,0
8444,0
8445,0
8446,0
8447,0
8448,0
8449,0
8450,0
8451,0
8452,0
8453,0
8454,0
8455,0
8456,0
8457,0
8458,0
8459,0
8460,0
8461,0
8462,0
8463,0
8464,0
8465,0
8466,0
8467,0
8468,0
8469,0
8470,0
8471,0
8472,0
8473,0
8474,0
8475,0
8476,0
8477,0
8478,0
8479,0
8480,0
8481,0
8482,0
8483,0
8484,0
8485,0
8486,0
8487,0
8488,0
8489,0
8490,0
8491,0
8492,0
8493,0
8494,0
8495,0
8496,0
8497,0
8498,0
8499,0
8500,0
8501,0
8502,0
8503,0
8504,0
8505,0
8506,0
8507,0
8508,0
8509,0
8510,0
8511,0
8512,0
8513,0
8514,0
8515,0
8516,0
8517,0
8518,0
8519,0
8520,0
8521,0
8522,0
8523,0
8524,0
8525,0
8526,0
8527,0
8528,0
8529,0
8530,0
8531,0
8532,0
8533,0
8534,0
8535,0
8536,0
8537,0
8538,0
8539,0
8540,0
8541,0
8542,0
8543,0
8544,0
8545,0
8546,0
8547,0
8548,0
8549,0
8550,0
8551,0
8552,0
8553,0
8554,0
8555,0
8556,0
8557,0
8558,0
8559,0
8560,0
8561,0
8562,0
8563,0
8564,0
8565,0
8566,0
8567,0
8568,0
8569,0
8570,0
8571,0
8572,0
8573,0
8574,0
8575,0
8576,0
8577,0
8578,0
8579,0
8580,0
8581,0
8582,0
8583,0
8584,0
8585,0
8586,0
8587,0
8588,0
8589,0
8590,0
8591,0
8592,0
8593,0
8594,0
8595,0
8596,0
8597,0
8598,0
8599,0
8600,0
8601,0
8602,0
8603,0
8604,0
8605,0
8606,0
8607,0
8608,0
8609,0
8610,0
8611,0
8612,0
8613,0
8614,0
8615,0
8616,0
8617,0
8618,0
8619,0
8620,0
8621,0
8622,0
8623,0
8624,0
8625,0
8626,0
8627,0
8628,0
8629,0
8630,0
8631,0
8632,0
8633,0
8634,0
8635,0
8636,0
8637,0
8638,0
8639,0
8640,0
8641,0
8642,0
8643,0
8644,0
8645,0
8646,0
8647,0
8648,0
8649,0
8650,0
8651,0
8652,0
8653,0
8654,0
8655,0
8656,0
8657,0
8658,0
8659,0
8660,0
8661,0
8662,0
8663,0
8664,0
8665,0
8666,0
8667,0
8668,0
8669,0
8670,0
8671,0
8672,0
8673,0
8674,0
8675,0
8676,0
8677,0
8678,0
8679,0
8680,0
8681,0
8682,0
8683,0
8684,0
8685,0
8686,0
8687,0
8688,0
8689,0
8690,0
8691,0
8692,0
8693,0
8694,0
8695,0
8696,0
8697,0
8698,0
8699,0
8700,0
8701,0
8702,0
8703,0
8704,0
8705,0
8706,0
8707,0
8708,0
8709,0
8710,0
8711,0
8712,0
8713,0
8714,0
8715,0
8716,0
8717,0
8718,0
8719,0
8720,0
8721,0
8722,0
8723,0
8724,0
8725,0
8726,0
8727,0
8728,0
8729,0
8730,0
8731,0
8732,0
8733,0
8734,0
8735,0
8736,0
8737,0
8738,0
8739,0
8740,0
8741,0
8742,0
8743,0
8744,0
8745,0
8746,0
8747,0
8748,0
8749,0
8750,0
8751,0
8752,0
8753,0
8754,0
8755,0
8756,0
8757,0
8758,0
8759,0
8760,0
8761,0
8762,0
8763,0
8764,0
8765,0
8766,0
8767,0
8768,0
8769,0
8770,0
8771,0
8772,0
8773,0
8774,0
8775,0
8776,0
8777,0
8778,0
8779,0
8780,0
8781,0
8782,0
8783,0
8784,0
8785,0
8786,0
8787,0
8788,0
8789,0
8790,0
8791,0
8792,0
8793,0
8794,0
8795,0
8796,0
8797,0
8798,0
8799,0
8800,0
8801,0
8802,0
8803,0
8804,0
8805,0
8806,0
8807,0
8808,0
8809,0
8810,0
8811,0
8812,0
8813,0
8814,0
8815,0
8816,0
8817,0
8818,0
8819,0
8820,0
8821,0
8822,0
8823,0
8824,0
8825,0
8826,0
8827,0
8828,0
8829,0
8830,0
8831,0
8832,0
8833,0
8834,0
8835,0
8836,0
8837,0
8838,0
8839,0
8840,0
8841,0
8842,0
8843,0
8844,0
8845,0
8846,0
8847,0
8848,0
8849,0
8850,0
8851,0
8852,0
8853,0
8854,0
8855,0
8856,0
8857,0
8858,0
8859,0
8860,0
8861,0
8862,0
8863,0
8864,0
8865,0
8866,0
8867,0
8868,0
8869,0
8870,0
8871,0
8872,0
8873,0
8874,0
8875,0
8876,0
8877,0
8878,0
8879,0
8880,0
8881,0
8882,0
8883,0
8884,0
8885,0
8886,0
8887,0
8888,0
8889,0
8890,0
8891,0
8892,0
8893,0
8894,0
8895,0
8896,0
8897,0
8898,0
8899,0
8900,0
8901,0
8902,0
8903,0
8904,0
8905,0
8906,0
8907,0
8908,0
8909,0
8910,0
8911,0
8912,0
8913,0
8914,0
8915,0
8916,0
8917,0
8918,0
8919,0
8920,0
8921,0
8922,0
8923,0
8924,0
8925,0
8926,0
8927,0
8928,0
8929,0
8930,0
8931,0
8932,0
8933,0
8934,0
8935,0
8936,0
8937,0
8938,0
8939,0
8940,0
8941,0
8942,0
8943,0
8944,0
8945,0
8946,0
8947,0
8948,0
8949,0
8950,0
8951,0
8952,0
8953,0
8954,0
8955,0
8956,0
8957,0
8958,0
8959,0
8960,0
8961,0
8962,0
8963,0
8964,0
8965,0
8966,0
8967,0
8968,0
8969,0
8970,0
8971,0
8972,0
8973,0
8974,0
8975,0
8976,0
8977,0
8978,0
8979,0
8980,0
8981,0
8982,0
8983,0
8984,0
8985,0
8986,0
8987,0
8988,0
8989,0
8990,0
8991,0
8992,0
8993,0
8994,0
8995,0
8996,0
8997,0
8998,0
8999,0
9000,0
9001,0
9002,0
9003,0
9004,0
9005,0
9006,0
9007,0
9008,0
9009,0
9010,0
9011,0
9012,0
9013,0
9014,0
9015,0
9016,0
9017,0
9018,0
9019,0
9020,0
